-3.4087e-05,-0.017514,0.0038924
-0.00012709,-0.035167,0.0074235
-0.0002815,-0.052716,0.010938
-0.00049638,-0.070158,0.014438
-0.00077086,-0.087486,0.017924
-0.001104,-0.1047,0.021396
-0.0014951,-0.12178,0.024857
-0.0019432,-0.13874,0.028306
-0.0024474,-0.15557,0.031745
-0.0030071,-0.17226,0.035175
-0.00368,-0.18849,0.038926
-0.0044103,-0.20457,0.042665
-0.005197,-0.2205,0.046395
-0.0060394,-0.23628,0.050115
-0.0069364,-0.25189,0.053827
-0.0078872,-0.26735,0.057531
-0.008891,-0.28264,0.061227
-0.0099468,-0.29776,0.064917
-0.011054,-0.31272,0.068601
-0.012211,-0.32751,0.072279
-0.013418,-0.34213,0.075952
-0.014674,-0.35657,0.079621
-0.015978,-0.37084,0.083285
-0.017328,-0.38494,0.086946
-0.018725,-0.39886,0.090603
-0.020168,-0.4126,0.094258
-0.021655,-0.42617,0.097909
-0.023186,-0.43955,0.10156
-0.02476,-0.45276,0.10521
-0.026376,-0.46579,0.10885
-0.028034,-0.47864,0.1125
-0.029732,-0.49131,0.11614
-0.03147,-0.5038,0.11978
-0.033247,-0.51611,0.12342
-0.035063,-0.52825,0.12706
-0.036916,-0.5402,0.1307
-0.038805,-0.55198,0.13434
-0.040731,-0.56359,0.13798
-0.042691,-0.57502,0.14161
-0.044686,-0.58627,0.14525
-0.046714,-0.59735,0.14889
-0.048775,-0.60825,0.15252
-0.050868,-0.61899,0.15615
-0.052992,-0.62955,0.15979
-0.055145,-0.63995,0.16342
-0.057329,-0.65018,0.16705
-0.059541,-0.66024,0.17068
-0.06178,-0.67013,0.17431
-0.064047,-0.67987,0.17794
-0.06634,-0.68944,0.18156
-0.068657,-0.69885,0.18519
-0.071,-0.7081,0.18881
-0.073366,-0.7172,0.19243
-0.075755,-0.72614,0.19604
-0.078166,-0.73493,0.19965
-0.080597,-0.74356,0.20326
-0.08305,-0.75205,0.20687
-0.085521,-0.76039,0.21047
-0.088012,-0.76858,0.21407
-0.09052,-0.77663,0.21766
-0.093045,-0.78453,0.22125
-0.095586,-0.7923,0.22483
-0.098143,-0.79992,0.22841
-0.10071,-0.80741,0.23198
-0.1033,-0.81477,0.23555
-0.1059,-0.82199,0.23911
-0.10851,-0.82908,0.24266
-0.11113,-0.83604,0.2462
-0.11376,-0.84287,0.24973
-0.1164,-0.84958,0.25326
-0.11905,-0.85617,0.25678
-0.1217,-0.86263,0.26029
-0.12437,-0.86897,0.26378
-0.12704,-0.8752,0.26727
-0.12972,-0.88131,0.27075
-0.1324,-0.8873,0.27422
-0.13508,-0.89319,0.27767
-0.13777,-0.89896,0.28111
-0.14046,-0.90462,0.28454
-0.14315,-0.91018,0.28796
-0.14585,-0.91563,0.29136
-0.14854,-0.92098,0.29475
-0.15123,-0.92622,0.29813
-0.15392,-0.93137,0.30149
-0.15661,-0.93642,0.30484
-0.1593,-0.94137,0.30817
-0.16198,-0.94623,0.31148
-0.16466,-0.95099,0.31478
-0.16734,-0.95566,0.31806
-0.17001,-0.96024,0.32132
-0.17267,-0.96474,0.32457
-0.17533,-0.96914,0.3278
-0.17798,-0.97346,0.33101
-0.18062,-0.9777,0.3342
-0.18326,-0.98186,0.33737
-0.18588,-0.98593,0.34052
-0.1885,-0.98993,0.34365
-0.1911,-0.99384,0.34677
-0.1937,-0.99768,0.34986
-0.19628,-1.0015,0.35293
-0.19885,-1.0051,0.35598
-0.20141,-1.0088,0.359
-0.20395,-1.0123,0.36201
-0.20649,-1.0158,0.36499
-0.20901,-1.0192,0.36796
-0.21151,-1.0225,0.37089
-0.214,-1.0258,0.37381
-0.21648,-1.029,0.3767
-0.21894,-1.0322,0.37957
-0.22138,-1.0353,0.38242
-0.22381,-1.0383,0.38524
-0.22623,-1.0413,0.38804
-0.22862,-1.0442,0.39081
-0.231,-1.047,0.39356
-0.23336,-1.0498,0.39628
-0.2357,-1.0526,0.39898
-0.23803,-1.0553,0.40165
-0.24033,-1.0579,0.4043
-0.24262,-1.0605,0.40693
-0.24489,-1.063,0.40953
-0.24714,-1.0655,0.4121
-0.24937,-1.0679,0.41465
-0.25158,-1.0703,0.41717
-0.25378,-1.0726,0.41967
-0.25595,-1.0749,0.42214
-0.2581,-1.0772,0.42458
-0.26023,-1.0794,0.427
-0.26234,-1.0815,0.4294
-0.26443,-1.0837,0.43176
-0.2665,-1.0857,0.4341
-0.26855,-1.0878,0.43642
-0.27058,-1.0898,0.43871
-0.27259,-1.0917,0.44097
-0.27458,-1.0936,0.44321
-0.27654,-1.0955,0.44542
-0.27849,-1.0973,0.44761
-0.28041,-1.0991,0.44977
-0.28232,-1.1009,0.45191
-0.2842,-1.1026,0.45402
-0.28606,-1.1043,0.4561
-0.2879,-1.106,0.45816
-0.28972,-1.1076,0.46019
-0.29151,-1.1092,0.4622
-0.29329,-1.1108,0.46418
-0.29505,-1.1123,0.46614
-0.29678,-1.1138,0.46808
-0.29849,-1.1153,0.46998
-0.30019,-1.1168,0.47187
-0.30186,-1.1182,0.47373
-0.30351,-1.1196,0.47556
-0.30514,-1.1209,0.47737
-0.30675,-1.1223,0.47916
-0.30833,-1.1236,0.48092
-0.3099,-1.1248,0.48266
-0.31145,-1.1261,0.48437
-0.31298,-1.1273,0.48607
-0.31449,-1.1286,0.48773
-0.31597,-1.1297,0.48938
-0.31744,-1.1309,0.491
-0.31889,-1.132,0.4926
-0.32032,-1.1332,0.49418
-0.32173,-1.1342,0.49573
-0.32311,-1.1353,0.49727
-0.32448,-1.1364,0.49878
-0.32584,-1.1374,0.50027
-0.32717,-1.1384,0.50173
-0.32848,-1.1394,0.50318
-0.32977,-1.1404,0.5046
-0.33105,-1.1413,0.50601
-0.33231,-1.1423,0.50739
-0.33355,-1.1432,0.50875
-0.33477,-1.1441,0.5101
-0.33597,-1.145,0.51142
-0.33716,-1.1458,0.51272
-0.33833,-1.1467,0.514
-0.33948,-1.1475,0.51526
-0.34061,-1.1483,0.51651
-0.34173,-1.1491,0.51773
-0.34283,-1.1499,0.51894
-0.34391,-1.1507,0.52013
-0.34498,-1.1514,0.52129
-0.34603,-1.1522,0.52245
-0.34707,-1.1529,0.52358
-0.34809,-1.1536,0.52469
-0.34909,-1.1543,0.52579
-0.35008,-1.155,0.52687
-0.35105,-1.1556,0.52793
-0.35201,-1.1563,0.52898
-0.35295,-1.1569,0.53001
-0.35388,-1.1576,0.53102
-0.35479,-1.1582,0.53202
-0.35569,-1.1588,0.533
-0.35657,-1.1594,0.53396
-0.35744,-1.16,0.53491
-0.3583,-1.1605,0.53584
-0.35914,-1.1611,0.53676
-0.35997,-1.1616,0.53767
-0.36078,-1.1622,0.53855
-0.36159,-1.1627,0.53943
-0.36238,-1.1632,0.54029
-0.36315,-1.1637,0.54113
-0.36391,-1.1642,0.54196
-0.36467,-1.1647,0.54278
-0.3654,-1.1652,0.54359
-0.36613,-1.1657,0.54438
-0.36684,-1.1661,0.54515
-0.36755,-1.1666,0.54592
-0.36824,-1.167,0.54667
-0.36892,-1.1675,0.54741
-0.36959,-1.1679,0.54813
-0.37024,-1.1683,0.54885
-0.37089,-1.1687,0.54955
-0.37152,-1.1691,0.55024
-0.37215,-1.1695,0.55092
-0.37276,-1.1699,0.55158
-0.37336,-1.1703,0.55224
-0.37396,-1.1706,0.55288
-0.37454,-1.171,0.55352
-0.37511,-1.1714,0.55414
-0.37568,-1.1717,0.55475
-0.37623,-1.1721,0.55535
-0.37677,-1.1724,0.55594
-0.37731,-1.1727,0.55652
-0.37784,-1.1731,0.55709
-0.37835,-1.1734,0.55765
-0.37886,-1.1737,0.5582
-0.37936,-1.174,0.55874
-0.37985,-1.1743,0.55928
-0.38033,-1.1746,0.5598
-0.3808,-1.1749,0.56031
-0.38127,-1.1752,0.56081
-0.38173,-1.1754,0.56131
-0.38218,-1.1757,0.5618
-0.38262,-1.176,0.56227
-0.38305,-1.1762,0.56274
-0.38348,-1.1765,0.56321
-0.38389,-1.1767,0.56366
-0.3843,-1.177,0.5641
-0.38471,-1.1772,0.56454
-0.38511,-1.1775,0.56497
-0.3855,-1.1777,0.56539
-0.38588,-1.1779,0.56581
-0.38625,-1.1782,0.56621
-0.38662,-1.1784,0.56661
-0.38699,-1.1786,0.56701
-0.38734,-1.1788,0.56739
-0.38769,-1.179,0.56777
-0.38804,-1.1792,0.56814
-0.38837,-1.1794,0.56851
-0.38871,-1.1796,0.56887
-0.38903,-1.1798,0.56922
-0.38935,-1.18,0.56956
-0.38967,-1.1802,0.5699
-0.38997,-1.1804,0.57024
-0.39028,-1.1805,0.57057
-0.39057,-1.1807,0.57089
-0.39087,-1.1809,0.5712
-0.39115,-1.1811,0.57151
-0.39144,-1.1812,0.57182
-0.39171,-1.1814,0.57212
-0.39198,-1.1815,0.57241
-0.39225,-1.1817,0.5727
-0.39251,-1.1819,0.57298
-0.39277,-1.182,0.57326
-0.39302,-1.1821,0.57353
-0.39327,-1.1823,0.5738
-0.39351,-1.1824,0.57406
-0.39375,-1.1826,0.57432
-0.39399,-1.1827,0.57458
-0.39422,-1.1828,0.57483
-0.39444,-1.183,0.57507
-0.39467,-1.1831,0.57531
-0.39488,-1.1832,0.57555
-0.3951,-1.1834,0.57578
-0.39531,-1.1835,0.576
-0.39552,-1.1836,0.57623
-0.39572,-1.1837,0.57645
-0.39592,-1.1838,0.57666
-0.39611,-1.1839,0.57687
-0.3963,-1.184,0.57708
-0.39398,-1.1827,0.57457
-0.39171,-1.1814,0.57212
-0.38951,-1.1801,0.56973
-0.38736,-1.1788,0.56741
-0.38526,-1.1775,0.56514
-0.38322,-1.1763,0.56292
-0.38122,-1.175,0.56077
-0.37928,-1.1738,0.55866
-0.37739,-1.1727,0.55661
-0.37554,-1.1715,0.5546
-0.37374,-1.1704,0.55264
-0.37198,-1.1693,0.55073
-0.37026,-1.1682,0.54887
-0.36859,-1.1671,0.54705
-0.36696,-1.166,0.54528
-0.36536,-1.165,0.54354
-0.36381,-1.164,0.54185
-0.36229,-1.163,0.54019
-0.36081,-1.162,0.53858
-0.35936,-1.161,0.537
-0.35795,-1.1601,0.53546
-0.35657,-1.1591,0.53395
-0.35522,-1.1582,0.53248
-0.3539,-1.1573,0.53105
-0.35262,-1.1564,0.52964
-0.35136,-1.1556,0.52827
-0.35013,-1.1547,0.52693
-0.34893,-1.1539,0.52562
-0.34776,-1.1531,0.52433
-0.34662,-1.1523,0.52308
-0.3455,-1.1515,0.52186
-0.3444,-1.1507,0.52066
-0.34334,-1.1499,0.51949
-0.34229,-1.1492,0.51834
-0.34127,-1.1485,0.51722
-0.34027,-1.1477,0.51613
-0.33929,-1.147,0.51506
-0.33834,-1.1463,0.51401
-0.33741,-1.1456,0.51298
-0.33649,-1.145,0.51198
-0.3356,-1.1443,0.511
-0.33473,-1.1437,0.51004
-0.33387,-1.143,0.5091
-0.33304,-1.1424,0.50818
-0.33222,-1.1418,0.50729
-0.33142,-1.1412,0.50641
-0.33064,-1.1406,0.50555
-0.32987,-1.14,0.5047
-0.32912,-1.1395,0.50388
-0.32839,-1.1389,0.50307
-0.32767,-1.1384,0.50228
-0.32697,-1.1378,0.50151
-0.32628,-1.1373,0.50075
-0.32561,-1.1368,0.50001
-0.32495,-1.1363,0.49929
-0.32431,-1.1358,0.49858
-0.32368,-1.1353,0.49788
-0.32306,-1.1348,0.4972
-0.32246,-1.1343,0.49654
-0.32187,-1.1339,0.49588
-0.32129,-1.1334,0.49524
-0.32072,-1.133,0.49462
-0.32017,-1.1325,0.49401
-0.31962,-1.1321,0.49341
-0.31909,-1.1317,0.49282
-0.32039,-1.1335,0.49425
-0.32168,-1.1352,0.49567
-0.32295,-1.1369,0.49708
-0.32421,-1.1386,0.49847
-0.32546,-1.1403,0.49984
-0.32669,-1.1419,0.50119
-0.32791,-1.1435,0.50253
-0.32911,-1.145,0.50385
-0.3303,-1.1465,0.50516
-0.33148,-1.148,0.50645
-0.33264,-1.1495,0.50773
-0.33379,-1.1509,0.50898
-0.33493,-1.1523,0.51023
-0.33605,-1.1537,0.51145
-0.33716,-1.1551,0.51267
-0.33825,-1.1564,0.51386
-0.33933,-1.1577,0.51504
-0.3404,-1.159,0.51621
-0.34145,-1.1602,0.51736
-0.3425,-1.1615,0.51849
-0.34352,-1.1627,0.51961
-0.34454,-1.1639,0.52072
-0.34554,-1.165,0.52181
-0.34653,-1.1662,0.52288
-0.3475,-1.1673,0.52394
-0.34846,-1.1684,0.52499
-0.34941,-1.1694,0.52602
-0.35035,-1.1705,0.52704
-0.35127,-1.1715,0.52804
-0.35219,-1.1726,0.52903
-0.35308,-1.1735,0.53001
-0.35397,-1.1745,0.53097
-0.35484,-1.1755,0.53191
-0.35571,-1.1764,0.53285
-0.35656,-1.1773,0.53377
-0.35739,-1.1782,0.53468
-0.35822,-1.1791,0.53557
-0.35903,-1.18,0.53645
-0.35984,-1.1808,0.53732
-0.36063,-1.1817,0.53817
-0.36141,-1.1825,0.53901
-0.36217,-1.1833,0.53984
-0.36293,-1.1841,0.54066
-0.36367,-1.1849,0.54146
-0.36441,-1.1856,0.54226
-0.36513,-1.1864,0.54304
-0.36584,-1.1871,0.54381
-0.36655,-1.1878,0.54456
-0.36724,-1.1885,0.54531
-0.36792,-1.1892,0.54604
-0.36859,-1.1899,0.54676
-0.36925,-1.1905,0.54747
-0.3699,-1.1912,0.54817
-0.37054,-1.1918,0.54886
-0.37117,-1.1925,0.54954
-0.37179,-1.1931,0.55021
-0.3724,-1.1937,0.55086
-0.373,-1.1943,0.55151
-0.37359,-1.1948,0.55215
-0.37417,-1.1954,0.55277
-0.37475,-1.196,0.55339
-0.37531,-1.1965,0.55399
-0.37586,-1.197,0.55459
-0.37641,-1.1976,0.55518
-0.37695,-1.1981,0.55575
-0.37748,-1.1986,0.55632
-0.378,-1.1991,0.55688
-0.37851,-1.1996,0.55743
-0.37901,-1.2001,0.55797
-0.37951,-1.2005,0.5585
-0.37999,-1.201,0.55902
-0.38047,-1.2014,0.55953
-0.38094,-1.2019,0.56004
-0.38141,-1.2023,0.56054
-0.38186,-1.2027,0.56102
-0.38231,-1.2032,0.56151
-0.38275,-1.2036,0.56198
-0.38318,-1.204,0.56244
-0.38361,-1.2044,0.5629
-0.38403,-1.2047,0.56335
-0.38444,-1.2051,0.56379
-0.38485,-1.2055,0.56422
-0.38525,-1.2059,0.56465
-0.38564,-1.2062,0.56507
-0.38602,-1.2066,0.56548
-0.3864,-1.2069,0.56588
-0.38677,-1.2073,0.56628
-0.38714,-1.2076,0.56667
-0.3875,-1.2079,0.56706
-0.38785,-1.2082,0.56744
-0.3882,-1.2085,0.56781
-0.38854,-1.2089,0.56817
-0.38887,-1.2092,0.56853
-0.3892,-1.2094,0.56888
-0.38953,-1.2097,0.56923
-0.38985,-1.21,0.56957
-0.39016,-1.2103,0.5699
-0.39047,-1.2106,0.57023
-0.39077,-1.2108,0.57056
-0.39107,-1.2111,0.57087
-0.39136,-1.2114,0.57118
-0.39164,-1.2116,0.57149
-0.39193,-1.2119,0.57179
-0.3922,-1.2121,0.57209
-0.39247,-1.2123,0.57238
-0.39274,-1.2126,0.57266
-0.393,-1.2128,0.57294
-0.39326,-1.213,0.57322
-0.39352,-1.2133,0.57349
-0.39376,-1.2135,0.57375
-0.39401,-1.2137,0.57402
-0.39425,-1.2139,0.57427
-0.39448,-1.2141,0.57452
-0.39472,-1.2143,0.57477
-0.39494,-1.2145,0.57501
-0.39517,-1.2147,0.57525
-0.39539,-1.2149,0.57549
-0.3956,-1.2151,0.57572
-0.39581,-1.2153,0.57594
-0.39602,-1.2154,0.57616
-0.39623,-1.2156,0.57638
-0.39643,-1.2158,0.5766
-0.39662,-1.216,0.57681
-0.39682,-1.2161,0.57701
-0.39701,-1.2163,0.57721
-0.39719,-1.2164,0.57741
-0.39738,-1.2166,0.57761
-0.39502,-1.2154,0.57509
-0.39272,-1.2142,0.57264
-0.39047,-1.213,0.57024
-0.38829,-1.2119,0.56791
-0.38616,-1.2108,0.56564
-0.38408,-1.2097,0.56342
-0.38206,-1.2086,0.56125
-0.38008,-1.2075,0.55914
-0.37816,-1.2065,0.55708
-0.37628,-1.2054,0.55507
-0.37444,-1.2044,0.5531
-0.37266,-1.2034,0.55119
-0.37091,-1.2025,0.54932
-0.36921,-1.2015,0.54749
-0.36754,-1.2006,0.54571
-0.36592,-1.1996,0.54397
-0.36434,-1.1987,0.54227
-0.36279,-1.1978,0.54061
-0.36128,-1.197,0.53898
-0.35981,-1.1961,0.5374
-0.35837,-1.1953,0.53585
-0.35696,-1.1944,0.53434
-0.35559,-1.1936,0.53286
-0.35425,-1.1928,0.53142
-0.35293,-1.192,0.53001
-0.35165,-1.1913,0.52863
-0.3504,-1.1905,0.52728
-0.34918,-1.1897,0.52597
-0.34798,-1.189,0.52468
-0.34682,-1.1883,0.52342
-0.34567,-1.1876,0.52219
-0.34456,-1.1869,0.52099
-0.34347,-1.1862,0.51981
-0.3424,-1.1856,0.51866
-0.34136,-1.1849,0.51753
-0.34034,-1.1843,0.51643
-0.33934,-1.1836,0.51536
-0.33837,-1.183,0.5143
-0.33741,-1.1824,0.51327
-0.33648,-1.1818,0.51227
-0.33557,-1.1812,0.51128
-0.33468,-1.1806,0.51032
-0.33381,-1.1801,0.50937
-0.33295,-1.1795,0.50845
-0.33212,-1.179,0.50755
-0.3313,-1.1784,0.50666
-0.3305,-1.1779,0.5058
-0.32972,-1.1774,0.50495
-0.32895,-1.1769,0.50412
-0.3282,-1.1764,0.50331
-0.32747,-1.1759,0.50252
-0.32675,-1.1754,0.50174
-0.32605,-1.175,0.50098
-0.32537,-1.1745,0.50023
-0.32469,-1.174,0.4995
-0.32403,-1.1736,0.49879
-0.32339,-1.1732,0.49809
-0.32276,-1.1727,0.49741
-0.32214,-1.1723,0.49674
-0.32154,-1.1719,0.49608
-0.32094,-1.1715,0.49544
-0.32037,-1.1711,0.49481
-0.3198,-1.1707,0.49419
-0.31924,-1.1703,0.49359
-0.3187,-1.17,0.493
-0.31816,-1.1696,0.49242
-0.31764,-1.1692,0.49185
-0.31713,-1.1689,0.4913
-0.31663,-1.1685,0.49075
-0.31614,-1.1682,0.49022
-0.31566,-1.1678,0.4897
-0.31519,-1.1675,0.48919
-0.31473,-1.1672,0.48869
-0.31428,-1.1669,0.4882
-0.31384,-1.1666,0.48772
-0.3134,-1.1663,0.48724
-0.31298,-1.166,0.48678
-0.31256,-1.1657,0.48633
-0.31216,-1.1654,0.48589
-0.31176,-1.1651,0.48545
-0.31137,-1.1648,0.48503
-0.31098,-1.1645,0.48461
-0.31061,-1.1643,0.4842
-0.31024,-1.164,0.4838
-0.30988,-1.1638,0.48341
-0.30953,-1.1635,0.48303
-0.30918,-1.1632,0.48265
-0.30884,-1.163,0.48228
-0.30851,-1.1628,0.48192
-0.30819,-1.1625,0.48157
-0.30787,-1.1623,0.48122
-0.30756,-1.1621,0.48088
-0.30725,-1.1619,0.48054
-0.30695,-1.1616,0.48022
-0.30665,-1.1614,0.4799
-0.30637,-1.1612,0.47958
-0.30608,-1.161,0.47927
-0.30581,-1.1608,0.47897
-0.30554,-1.1606,0.47868
-0.30527,-1.1604,0.47839
-0.30501,-1.1602,0.4781
-0.30475,-1.16,0.47782
-0.3045,-1.1598,0.47755
-0.30426,-1.1597,0.47728
-0.30402,-1.1595,0.47702
-0.30378,-1.1593,0.47676
-0.30355,-1.1591,0.47651
-0.30332,-1.159,0.47626
-0.3031,-1.1588,0.47602
-0.30288,-1.1587,0.47578
-0.30267,-1.1585,0.47555
-0.30246,-1.1583,0.47532
-0.30225,-1.1582,0.47509
-0.30205,-1.158,0.47487
-0.30185,-1.1579,0.47466
-0.30166,-1.1578,0.47445
-0.30147,-1.1576,0.47424
-0.30129,-1.1575,0.47404
-0.3011,-1.1573,0.47384
-0.30092,-1.1572,0.47364
-0.30075,-1.1571,0.47345
-0.30058,-1.1569,0.47326
-0.30041,-1.1568,0.47308
-0.30024,-1.1567,0.4729
-0.30008,-1.1566,0.47272
-0.29991,-1.1557,0.47253
-0.29974,-1.1548,0.47235
-0.29957,-1.154,0.47217
-0.29941,-1.1531,0.47199
-0.29926,-1.1523,0.47182
-0.2991,-1.1515,0.47165
-0.29895,-1.1507,0.47149
-0.2988,-1.1499,0.47132
-0.29866,-1.1492,0.47117
-0.29852,-1.1484,0.47101
-0.29838,-1.1477,0.47086
-0.29825,-1.147,0.47072
-0.29812,-1.1463,0.47057
-0.29799,-1.1456,0.47043
-0.29786,-1.1449,0.47029
-0.29774,-1.1442,0.47016
-0.29762,-1.1436,0.47003
-0.2975,-1.143,0.4699
-0.29739,-1.1423,0.46977
-0.29727,-1.1417,0.46965
-0.29716,-1.1411,0.46953
-0.29706,-1.1405,0.46941
-0.29695,-1.1399,0.46929
-0.29685,-1.1394,0.46918
-0.29675,-1.1388,0.46907
-0.29665,-1.1382,0.46896
-0.29655,-1.1377,0.46885
-0.29646,-1.1372,0.46875
-0.29637,-1.1367,0.46865
-0.29628,-1.1361,0.46855
-0.29619,-1.1356,0.46845
-0.2961,-1.1352,0.46835
-0.29602,-1.1347,0.46826
-0.29593,-1.1342,0.46817
-0.29585,-1.1337,0.46808
-0.29577,-1.1333,0.46799
-0.29569,-1.1328,0.46791
-0.29562,-1.1324,0.46782
-0.29554,-1.132,0.46774
-0.29547,-1.1315,0.46766
-0.2954,-1.1311,0.46758
-0.29533,-1.1307,0.4675
-0.29526,-1.1303,0.46743
-0.29519,-1.1299,0.46735
-0.29513,-1.1296,0.46728
-0.29506,-1.1292,0.46721
-0.295,-1.1288,0.46714
-0.29494,-1.1285,0.46707
-0.29488,-1.1281,0.467
-0.29482,-1.1277,0.46694
-0.29476,-1.1274,0.46687
-0.2947,-1.1271,0.46681
-0.29465,-1.1267,0.46675
-0.29459,-1.1264,0.46669
-0.29454,-1.1261,0.46663
-0.29449,-1.1258,0.46657
-0.29443,-1.1255,0.46651
-0.29438,-1.1252,0.46646
-0.29433,-1.1249,0.4664
-0.29429,-1.1246,0.46635
-0.29424,-1.1243,0.4663
-0.29587,-1.1263,0.4681
-0.29748,-1.1282,0.46989
-0.29908,-1.13,0.47166
-0.30066,-1.1318,0.4734
-0.30223,-1.1336,0.47513
-0.30378,-1.1354,0.47684
-0.30531,-1.1371,0.47853
-0.30683,-1.1388,0.4802
-0.30832,-1.1404,0.48185
-0.30981,-1.1421,0.48348
-0.31127,-1.1436,0.48509
-0.31272,-1.1452,0.48669
-0.31416,-1.1467,0.48826
-0.31557,-1.1482,0.48981
-0.31697,-1.1497,0.49135
-0.31836,-1.1511,0.49286
-0.31973,-1.1526,0.49436
-0.32108,-1.1539,0.49584
-0.32241,-1.1553,0.4973
-0.32373,-1.1566,0.49874
-0.32503,-1.1579,0.50016
-0.32632,-1.1592,0.50156
-0.32759,-1.1605,0.50295
-0.32884,-1.1617,0.50432
-0.33008,-1.1629,0.50566
-0.3313,-1.1641,0.507
-0.33251,-1.1653,0.50831
-0.3337,-1.1664,0.5096
-0.33487,-1.1675,0.51088
-0.33603,-1.1686,0.51214
-0.33717,-1.1697,0.51338
-0.3383,-1.1708,0.51461
-0.33941,-1.1718,0.51581
-0.34051,-1.1728,0.51701
-0.34159,-1.1738,0.51818
-0.34266,-1.1748,0.51934
-0.34371,-1.1757,0.52048
-0.34475,-1.1767,0.5216
-0.34578,-1.1776,0.52271
-0.34678,-1.1785,0.5238
-0.34778,-1.1794,0.52488
-0.34876,-1.1802,0.52594
-0.34973,-1.1811,0.52698
-0.35068,-1.1819,0.52801
-0.35162,-1.1827,0.52903
-0.35254,-1.1835,0.53003
-0.35345,-1.1843,0.53101
-0.35435,-1.1851,0.53198
-0.35523,-1.1859,0.53293
-0.35611,-1.1866,0.53387
-0.35696,-1.1873,0.5348
-0.35781,-1.188,0.53571
-0.35864,-1.1887,0.53661
-0.35946,-1.1894,0.53749
-0.36027,-1.1901,0.53836
-0.36106,-1.1908,0.53922
-0.36185,-1.1914,0.54006
-0.36262,-1.1921,0.54089
-0.36338,-1.1927,0.54171
-0.36412,-1.1933,0.54251
-0.36486,-1.1939,0.5433
-0.36972,-1.1929,0.54853
-0.37446,-1.1919,0.55363
-0.37909,-1.191,0.55862
-0.38361,-1.19,0.56348
-0.38802,-1.1891,0.56824
-0.39233,-1.1881,0.57288
-0.39653,-1.1872,0.57741
-0.40064,-1.1863,0.58184
-0.40465,-1.1854,0.58617
-0.40856,-1.1845,0.59039
-0.41239,-1.1836,0.59452
-0.41612,-1.1827,0.59856
-0.41977,-1.1819,0.6025
-0.42333,-1.181,0.60635
-0.42681,-1.1802,0.61011
-0.43021,-1.1793,0.61379
-0.43353,-1.1785,0.61738
-0.43678,-1.1777,0.62089
-0.43995,-1.1769,0.62433
-0.44305,-1.1761,0.62768
-0.44608,-1.1754,0.63096
-0.44903,-1.1746,0.63417
-0.45193,-1.1738,0.6373
-0.45475,-1.1731,0.64037
-0.45752,-1.1724,0.64337
-0.46022,-1.1716,0.6463
-0.46286,-1.1709,0.64916
-0.46544,-1.1702,0.65196
-0.46796,-1.1695,0.6547
-0.47043,-1.1689,0.65739
-0.47284,-1.1682,0.66001
-0.4752,-1.1675,0.66257
-0.4775,-1.1669,0.66508
-0.47976,-1.1663,0.66753
-0.48197,-1.1656,0.66993
-0.48412,-1.165,0.67228
-0.48623,-1.1644,0.67458
-0.4883,-1.1638,0.67683
-0.49032,-1.1632,0.67902
-0.49229,-1.1626,0.68118
-0.49423,-1.1621,0.68328
-0.49612,-1.1615,0.68534
-0.49797,-1.1609,0.68736
-0.49978,-1.1604,0.68933
-0.50155,-1.1599,0.69127
-0.50328,-1.1593,0.69316
-0.50498,-1.1588,0.69501
-0.50664,-1.1583,0.69682
-0.50826,-1.1578,0.69859
-0.50985,-1.1573,0.70033
-0.51141,-1.1568,0.70203
-0.51293,-1.1564,0.70369
-0.51442,-1.1559,0.70532
-0.51588,-1.1554,0.70692
-0.51731,-1.155,0.70848
-0.51871,-1.1545,0.71001
-0.52008,-1.1541,0.7115
-0.52142,-1.1537,0.71297
-0.52273,-1.1532,0.7144
-0.52091,-1.1546,0.71241
-0.5191,-1.156,0.71044
-0.51732,-1.1573,0.70849
-0.51556,-1.1587,0.70657
-0.51383,-1.1599,0.70468
-0.51211,-1.1612,0.70281
-0.51042,-1.1624,0.70096
-0.50874,-1.1637,0.69914
-0.50709,-1.1648,0.69734
-0.50546,-1.166,0.69557
-0.50385,-1.1671,0.69382
-0.50227,-1.1683,0.69209
-0.5007,-1.1694,0.69039
-0.49916,-1.1704,0.68871
-0.49763,-1.1715,0.68706
-0.49613,-1.1725,0.68543
-0.49464,-1.1735,0.68382
-0.49318,-1.1745,0.68223
-0.49174,-1.1755,0.68067
-0.49032,-1.1765,0.67913
-0.48891,-1.1774,0.67761
-0.48753,-1.1783,0.67611
-0.48617,-1.1792,0.67463
-0.48482,-1.1801,0.67318
-0.4835,-1.181,0.67175
-0.48219,-1.1818,0.67034
-0.4809,-1.1826,0.66895
-0.47964,-1.1834,0.66758
-0.47839,-1.1842,0.66623
-0.47716,-1.185,0.6649
-0.47594,-1.1858,0.66359
-0.47475,-1.1865,0.6623
-0.47357,-1.1873,0.66103
-0.47241,-1.188,0.65978
-0.47127,-1.1887,0.65855
-0.47014,-1.1894,0.65734
-0.46904,-1.1901,0.65614
-0.46795,-1.1907,0.65497
-0.46687,-1.1914,0.65381
-0.46582,-1.192,0.65267
-0.46477,-1.1927,0.65155
-0.46375,-1.1933,0.65045
-0.46274,-1.1939,0.64937
-0.46175,-1.1945,0.6483
-0.46077,-1.1951,0.64725
-0.45981,-1.1956,0.64621
-0.45886,-1.1962,0.6452
-0.45793,-1.1967,0.64419
-0.45701,-1.1973,0.64321
-0.45611,-1.1978,0.64224
-0.45522,-1.1983,0.64129
-0.45435,-1.1988,0.64035
-0.45349,-1.1993,0.63943
-0.45264,-1.1998,0.63852
-0.45181,-1.2003,0.63763
-0.45099,-1.2008,0.63675
-0.45019,-1.2012,0.63589
-0.4494,-1.2017,0.63504
-0.4525,-1.2004,0.63837
-0.45553,-1.1992,0.64161
-0.45847,-1.1979,0.64478
-0.46135,-1.1967,0.64786
-0.46415,-1.1956,0.65087
-0.46688,-1.1944,0.65381
-0.46954,-1.1933,0.65667
-0.47214,-1.1921,0.65947
-0.47467,-1.191,0.66219
-0.47714,-1.1899,0.66485
-0.47955,-1.1889,0.66745
-0.4819,-1.1878,0.66998
-0.48419,-1.1868,0.67245
-0.48643,-1.1857,0.67487
-0.48861,-1.1847,0.67722
-0.49075,-1.1838,0.67953
-0.49283,-1.1828,0.68177
-0.49486,-1.1818,0.68397
-0.49684,-1.1809,0.68611
-0.49878,-1.18,0.6882
-0.50067,-1.1791,0.69025
-0.50251,-1.1782,0.69225
-0.50432,-1.1773,0.6942
-0.50608,-1.1765,0.69611
-0.5078,-1.1756,0.69797
-0.50948,-1.1748,0.69979
-0.51112,-1.174,0.70157
-0.51272,-1.1732,0.70331
-0.51429,-1.1724,0.70501
-0.51582,-1.1716,0.70667
-0.51732,-1.1709,0.7083
-0.51878,-1.1701,0.70989
-0.52021,-1.1694,0.71144
-0.52161,-1.1687,0.71296
-0.52298,-1.168,0.71444
-0.52431,-1.1673,0.7159
-0.52562,-1.1666,0.71732
-0.5269,-1.1659,0.71871
-0.52815,-1.1653,0.72007
-0.52937,-1.1646,0.7214
-0.53056,-1.164,0.7227
-0.53173,-1.1634,0.72397
-0.53287,-1.1628,0.72521
-0.53399,-1.1622,0.72643
-0.53508,-1.1616,0.72762
-0.53615,-1.161,0.72879
-0.5372,-1.1604,0.72993
-0.53822,-1.1599,0.73105
-0.53923,-1.1593,0.73214
-0.54021,-1.1588,0.73321
-0.54117,-1.1583,0.73426
-0.5421,-1.1577,0.73528
-0.54302,-1.1572,0.73628
-0.54392,-1.1567,0.73726
-0.5448,-1.1562,0.73823
-0.54566,-1.1558,0.73917
-0.5465,-1.1553,0.74009
-0.54733,-1.1548,0.74099
-0.54255,-1.155,0.73577
-0.53786,-1.1552,0.73064
-0.53326,-1.1553,0.72561
-0.52873,-1.1555,0.72066
-0.52429,-1.1556,0.71581
-0.51993,-1.1557,0.71104
-0.51565,-1.1558,0.70636
-0.51145,-1.1559,0.70177
-0.50732,-1.156,0.69726
-0.50327,-1.1561,0.69284
-0.49929,-1.1562,0.68849
-0.49539,-1.1562,0.68423
-0.49156,-1.1563,0.68004
-0.4878,-1.1563,0.67594
-0.48411,-1.1564,0.67191
-0.48049,-1.1564,0.66795
-0.47694,-1.1564,0.66407
-0.47345,-1.1564,0.66026
-0.47003,-1.1565,0.65652
-0.46667,-1.1565,0.65286
-0.46338,-1.1565,0.64926
-0.46015,-1.1565,0.64573
-0.45698,-1.1565,0.64226
-0.45386,-1.1565,0.63886
-0.45081,-1.1565,0.63553
-0.44782,-1.1564,0.63225
-0.44488,-1.1564,0.62904
-0.44199,-1.1564,0.62589
-0.43916,-1.1564,0.6228
-0.43639,-1.1564,0.61977
-0.43367,-1.1563,0.6168
-0.431,-1.1563,0.61388
-0.42838,-1.1563,0.61102
-0.42581,-1.1562,0.60821
-0.42329,-1.1562,0.60546
-0.42081,-1.1561,0.60275
-0.41839,-1.1561,0.6001
-0.41601,-1.156,0.5975
-0.41367,-1.156,0.59495
-0.41138,-1.1559,0.59245
-0.40914,-1.1559,0.58999
-0.40693,-1.1558,0.58759
-0.40477,-1.1558,0.58523
-0.40265,-1.1557,0.58291
-0.40057,-1.1557,0.58064
-0.39853,-1.1556,0.57841
-0.39653,-1.1556,0.57622
-0.39457,-1.1555,0.57408
-0.39264,-1.1555,0.57197
-0.39076,-1.1554,0.56991
-0.3889,-1.1553,0.56788
-0.38709,-1.1553,0.5659
-0.38531,-1.1552,0.56395
-0.38356,-1.1552,0.56204
-0.38184,-1.1551,0.56017
-0.38016,-1.1551,0.55833
-0.38426,-1.1548,0.56281
-0.38828,-1.1545,0.5672
-0.39221,-1.1542,0.57151
-0.39607,-1.1539,0.57572
-0.39985,-1.1536,0.57986
-0.40355,-1.1533,0.58391
-0.40718,-1.153,0.58788
-0.41073,-1.1528,0.59176
-0.41422,-1.1525,0.59558
-0.41763,-1.1522,0.59931
-0.42097,-1.1519,0.60297
-0.42425,-1.1516,0.60656
-0.42746,-1.1513,0.61007
-0.4306,-1.151,0.61351
-0.43368,-1.1507,0.61689
-0.4367,-1.1505,0.62019
-0.43966,-1.1502,0.62343
-0.44256,-1.1499,0.62661
-0.4454,-1.1496,0.62972
-0.44818,-1.1493,0.63277
-0.45091,-1.1491,0.63576
-0.45358,-1.1488,0.63869
-0.4562,-1.1485,0.64156
-0.45876,-1.1482,0.64437
-0.46128,-1.148,0.64712
-0.46374,-1.1477,0.64983
-0.46615,-1.1475,0.65247
-0.46852,-1.1472,0.65507
-0.47083,-1.1469,0.65761
-0.4731,-1.1467,0.6601
-0.47533,-1.1464,0.66254
-0.47751,-1.1462,0.66494
-0.47965,-1.1459,0.66728
-0.48174,-1.1457,0.66958
-0.48379,-1.1454,0.67183
-0.48581,-1.1452,0.67404
-0.48778,-1.145,0.67621
-0.48971,-1.1447,0.67833
-0.4916,-1.1445,0.68041
-0.49346,-1.1443,0.68244
-0.49528,-1.144,0.68444
-0.49706,-1.1438,0.6864
-0.49881,-1.1436,0.68832
-0.50052,-1.1434,0.6902
-0.5022,-1.1432,0.69204
-0.50384,-1.143,0.69385
-0.50545,-1.1427,0.69562
-0.50703,-1.1425,0.69736
-0.50858,-1.1423,0.69906
-0.5101,-1.1421,0.70073
-0.51159,-1.1419,0.70237
-0.51305,-1.1417,0.70397
-0.51448,-1.1416,0.70554
-0.51588,-1.1414,0.70709
-0.51725,-1.1412,0.7086
-0.5154,-1.1421,0.70657
-0.51358,-1.1431,0.70456
-0.51179,-1.144,0.70259
-0.51002,-1.1449,0.70065
-0.50828,-1.1458,0.69874
-0.50656,-1.1467,0.69685
-0.50487,-1.1475,0.695
-0.5032,-1.1483,0.69317
-0.50156,-1.1492,0.69137
-0.49995,-1.15,0.6896
-0.49835,-1.1507,0.68785
-0.49678,-1.1515,0.68614
-0.49524,-1.1523,0.68444
-0.49372,-1.153,0.68278
-0.49222,-1.1537,0.68114
-0.49074,-1.1544,0.67953
-0.48929,-1.1551,0.67794
-0.48786,-1.1558,0.67638
-0.48645,-1.1565,0.67484
-0.48507,-1.1571,0.67332
-0.4837,-1.1578,0.67183
-0.48236,-1.1584,0.67037
-0.48104,-1.159,0.66893
-0.47974,-1.1596,0.66751
-0.47846,-1.1602,0.66611
-0.4772,-1.1608,0.66474
-0.47596,-1.1613,0.66339
-0.47474,-1.1619,0.66206
-0.47354,-1.1624,0.66075
-0.47236,-1.163,0.65946
-0.4712,-1.1635,0.6582
-0.47006,-1.164,0.65696
-0.46893,-1.1645,0.65573
-0.46783,-1.165,0.65453
-0.46674,-1.1655,0.65335
-0.46567,-1.1659,0.65218
-0.46462,-1.1664,0.65104
-0.46359,-1.1669,0.64991
-0.46257,-1.1673,0.64881
-0.46157,-1.1677,0.64772
-0.46059,-1.1682,0.64665
-0.45962,-1.1686,0.6456
-0.45867,-1.169,0.64457
-0.45773,-1.1694,0.64355
-0.45682,-1.1698,0.64256
-0.45591,-1.1702,0.64158
-0.45502,-1.1705,0.64061
-0.45415,-1.1709,0.63966
-0.45329,-1.1713,0.63873
-0.45245,-1.1716,0.63782
-0.45162,-1.172,0.63692
-0.45081,-1.1723,0.63603
-0.45,-1.1727,0.63516
-0.44922,-1.173,0.63431
-0.44844,-1.1733,0.63347
-0.44768,-1.1736,0.63265
-0.44694,-1.1739,0.63184
-0.4462,-1.1743,0.63104
-0.44548,-1.1746,0.63026
-0.44477,-1.1748,0.62949
-0.44408,-1.1751,0.62873
-0.44339,-1.1754,0.62799
-0.44272,-1.1757,0.62726
-0.44206,-1.176,0.62655
-0.44141,-1.1762,0.62584
-0.44077,-1.1765,0.62515
-0.44014,-1.1767,0.62447
-0.43953,-1.177,0.62381
-0.43892,-1.1772,0.62315
-0.43833,-1.1775,0.62251
-0.43774,-1.1777,0.62188
-0.43717,-1.1779,0.62126
-0.43661,-1.1782,0.62065
-0.43605,-1.1784,0.62005
-0.43551,-1.1786,0.61946
-0.43498,-1.1788,0.61888
-0.43445,-1.179,0.61831
-0.43394,-1.1792,0.61776
-0.43343,-1.1794,0.61721
-0.43294,-1.1796,0.61667
-0.43245,-1.1798,0.61614
-0.43197,-1.18,0.61563
-0.4315,-1.1802,0.61512
-0.43103,-1.1804,0.61462
-0.43058,-1.1806,0.61413
-0.43014,-1.1807,0.61364
-0.4297,-1.1809,0.61317
-0.42927,-1.1811,0.61271
-0.42885,-1.1812,0.61225
-0.42843,-1.1814,0.6118
-0.42802,-1.1816,0.61136
-0.42762,-1.1817,0.61093
-0.42723,-1.1819,0.61051
-0.42685,-1.182,0.61009
-0.42647,-1.1822,0.60968
-0.4261,-1.1823,0.60928
-0.42573,-1.1825,0.60888
-0.42537,-1.1826,0.6085
-0.42502,-1.1827,0.60812
-0.42468,-1.1829,0.60774
-0.42434,-1.183,0.60738
-0.424,-1.1831,0.60702
-0.42368,-1.1833,0.60667
-0.42336,-1.1834,0.60632
-0.42304,-1.1835,0.60598
-0.42273,-1.1836,0.60564
-0.42243,-1.1837,0.60532
-0.42213,-1.1839,0.60499
-0.42184,-1.184,0.60468
-0.42155,-1.1841,0.60437
-0.42127,-1.1842,0.60406
-0.42099,-1.1843,0.60376
-0.42072,-1.1844,0.60347
-0.42045,-1.1845,0.60318
-0.42019,-1.1846,0.6029
-0.41993,-1.1847,0.60262
-0.41968,-1.1848,0.60235
-0.41943,-1.1849,0.60208
-0.41919,-1.185,0.60182
-0.41895,-1.1851,0.60156
-0.41872,-1.1852,0.60131
-0.41849,-1.1852,0.60106
-0.41826,-1.1853,0.60082
-0.41804,-1.1854,0.60058
-0.41782,-1.1855,0.60034
-0.41761,-1.1856,0.60011
-0.4174,-1.1857,0.59989
-0.41719,-1.1857,0.59967
-0.41699,-1.1858,0.59945
-0.41679,-1.1859,0.59923
-0.4166,-1.186,0.59902
-0.41641,-1.186,0.59882
-0.41622,-1.1861,0.59862
-0.41604,-1.1862,0.59842
-0.41585,-1.1862,0.59822
-0.41568,-1.1863,0.59803
-0.4155,-1.1864,0.59784
-0.41533,-1.1864,0.59766
-0.41517,-1.1865,0.59748
-0.415,-1.1866,0.5973
-0.41484,-1.1866,0.59713
-0.41468,-1.1867,0.59696
-0.41453,-1.1867,0.59679
-0.41437,-1.1868,0.59662
-0.41422,-1.1869,0.59646
-0.41408,-1.1869,0.5963
-0.41393,-1.187,0.59615
-0.41379,-1.187,0.596
-0.41365,-1.1871,0.59585
-0.41352,-1.1871,0.5957
-0.41338,-1.1872,0.59555
-0.41325,-1.1872,0.59541
-0.41312,-1.1873,0.59527
-0.413,-1.1873,0.59514
-0.41287,-1.1874,0.595
-0.41275,-1.1874,0.59487
-0.41263,-1.1874,0.59474
-0.41251,-1.1875,0.59462
-0.4124,-1.1875,0.59449
-0.41228,-1.1876,0.59437
-0.41217,-1.1876,0.59425
-0.41206,-1.1877,0.59413
-0.41196,-1.1877,0.59402
-0.41185,-1.1877,0.59391
-0.41175,-1.1878,0.5938
-0.41165,-1.1878,0.59369
-0.41155,-1.1878,0.59358
-0.41535,-1.1869,0.59768
-0.41906,-1.186,0.60167
-0.42268,-1.185,0.60558
-0.42621,-1.1841,0.6094
-0.42966,-1.1832,0.61312
-0.43303,-1.1823,0.61676
-0.43632,-1.1814,0.62032
-0.43954,-1.1806,0.6238
-0.44268,-1.1797,0.62719
-0.44575,-1.1789,0.63051
-0.44874,-1.1781,0.63376
-0.45167,-1.1772,0.63692
-0.45453,-1.1764,0.64002
-0.45733,-1.1756,0.64305
-0.46006,-1.1749,0.64601
-0.46272,-1.1741,0.6489
-0.46533,-1.1733,0.65173
-0.46788,-1.1726,0.6545
-0.47037,-1.1718,0.6572
-0.47281,-1.1711,0.65984
-0.47519,-1.1704,0.66243
-0.47752,-1.1697,0.66495
-0.47979,-1.169,0.66743
-0.48202,-1.1683,0.66984
-0.48419,-1.1677,0.67221
-0.48632,-1.167,0.67452
-0.4884,-1.1664,0.67678
-0.49043,-1.1657,0.679
-0.49242,-1.1651,0.68116
-0.49437,-1.1645,0.68328
-0.49627,-1.1639,0.68535
-0.49813,-1.1633,0.68738
-0.49996,-1.1627,0.68936
-0.50174,-1.1621,0.6913
-0.50348,-1.1615,0.6932
-0.50518,-1.161,0.69506
-0.50685,-1.1604,0.69688
-0.50849,-1.1599,0.69866
-0.51008,-1.1594,0.70041
-0.51165,-1.1588,0.70211
-0.51318,-1.1583,0.70378
-0.51467,-1.1578,0.70541
-0.51614,-1.1573,0.70701
-0.51757,-1.1568,0.70858
-0.51898,-1.1564,0.71011
-0.52035,-1.1559,0.71162
-0.52169,-1.1554,0.71308
-0.52301,-1.155,0.71452
-0.5243,-1.1545,0.71593
-0.52556,-1.1541,0.71731
-0.5268,-1.1536,0.71866
-0.52801,-1.1532,0.71999
-0.52592,-1.154,0.71771
-0.52387,-1.1547,0.71546
-0.52185,-1.1554,0.71325
-0.51986,-1.1561,0.71107
-0.5179,-1.1568,0.70893
-0.51597,-1.1575,0.70683
-0.51407,-1.1581,0.70475
-0.5122,-1.1587,0.70271
-0.51036,-1.1594,0.7007
-0.50854,-1.16,0.69873
-0.50676,-1.1606,0.69678
-0.50501,-1.1612,0.69487
-0.50328,-1.1617,0.69299
-0.50158,-1.1623,0.69114
-0.49991,-1.1629,0.68932
-0.49827,-1.1634,0.68753
-0.49665,-1.1639,0.68576
-0.49506,-1.1645,0.68403
-0.49349,-1.165,0.68233
-0.49195,-1.1655,0.68065
-0.49044,-1.1659,0.679
-0.48895,-1.1664,0.67738
-0.48748,-1.1669,0.67579
-0.48604,-1.1673,0.67422
-0.48462,-1.1678,0.67268
-0.48323,-1.1682,0.67117
-0.48186,-1.1686,0.66968
-0.48051,-1.1691,0.66821
-0.47919,-1.1695,0.66677
-0.47789,-1.1699,0.66536
-0.47661,-1.1703,0.66397
-0.47535,-1.1707,0.6626
-0.47411,-1.171,0.66126
-0.47289,-1.1714,0.65994
-0.4717,-1.1718,0.65864
-0.47052,-1.1721,0.65736
-0.46937,-1.1725,0.65611
-0.46823,-1.1728,0.65488
-0.46711,-1.1731,0.65367
-0.46602,-1.1735,0.65248
-0.46494,-1.1738,0.65131
-0.46388,-1.1741,0.65016
-0.46284,-1.1744,0.64903
-0.46181,-1.1747,0.64792
-0.46081,-1.175,0.64683
-0.45982,-1.1753,0.64576
-0.45885,-1.1756,0.64471
-0.4579,-1.1759,0.64367
-0.45696,-1.1761,0.64266
-0.45604,-1.1764,0.64166
-0.45513,-1.1767,0.64068
-0.45424,-1.1769,0.63972
-0.45337,-1.1772,0.63877
-0.45251,-1.1774,0.63784
-0.45167,-1.1777,0.63693
-0.45084,-1.1779,0.63603
-0.45003,-1.1781,0.63515
-0.44923,-1.1784,0.63429
-0.44844,-1.1786,0.63344
-0.44767,-1.1788,0.63261
-0.44692,-1.179,0.63179
-0.44617,-1.1792,0.63098
-0.44544,-1.1794,0.63019
-0.44472,-1.1796,0.62942
-0.44402,-1.1798,0.62865
-0.44333,-1.18,0.6279
-0.44265,-1.1802,0.62717
-0.44198,-1.1804,0.62645
-0.44132,-1.1806,0.62574
-0.44068,-1.1807,0.62504
-0.44005,-1.1809,0.62436
-0.43943,-1.1811,0.62369
-0.43882,-1.1813,0.62303
-0.43822,-1.1814,0.62238
-0.43763,-1.1816,0.62175
-0.43705,-1.1817,0.62112
-0.43649,-1.1819,0.62051
-0.43593,-1.182,0.61991
-0.43538,-1.1822,0.61932
-0.43485,-1.1823,0.61874
-0.43432,-1.1825,0.61817
-0.4338,-1.1826,0.61761
-0.43329,-1.1828,0.61706
-0.43279,-1.1829,0.61652
-0.4323,-1.183,0.61599
-0.43182,-1.1832,0.61547
-0.43135,-1.1833,0.61496
-0.43089,-1.1834,0.61446
-0.43043,-1.1835,0.61397
-0.42999,-1.1836,0.61349
-0.42955,-1.1838,0.61301
-0.42912,-1.1839,0.61255
-0.42869,-1.184,0.61209
-0.42828,-1.1841,0.61164
-0.42787,-1.1842,0.6112
-0.42747,-1.1843,0.61077
-0.42708,-1.1844,0.61035
-0.42669,-1.1845,0.60993
-0.42632,-1.1846,0.60952
-0.42594,-1.1847,0.60912
-0.42558,-1.1848,0.60873
-0.42522,-1.1849,0.60834
-0.42487,-1.185,0.60796
-0.42452,-1.1851,0.60759
-0.42419,-1.1852,0.60723
-0.42385,-1.1853,0.60687
-0.42353,-1.1854,0.60651
-0.42321,-1.1854,0.60617
-0.42289,-1.1855,0.60583
-0.42258,-1.1856,0.6055
-0.42228,-1.1857,0.60517
-0.42198,-1.1858,0.60485
-0.42169,-1.1858,0.60453
-0.42141,-1.1859,0.60423
-0.42113,-1.186,0.60392
-0.42085,-1.1861,0.60362
-0.42058,-1.1861,0.60333
-0.42031,-1.1862,0.60305
-0.42005,-1.1863,0.60276
-0.4198,-1.1863,0.60249
-0.41955,-1.1864,0.60222
-0.4193,-1.1865,0.60195
-0.41906,-1.1865,0.60169
-0.41882,-1.1866,0.60143
-0.41859,-1.1867,0.60118
-0.41836,-1.1867,0.60094
-0.41813,-1.1868,0.60069
-0.41791,-1.1868,0.60046
-0.4177,-1.1869,0.60022
-0.41748,-1.1869,0.59999
-0.41728,-1.187,0.59977
-0.41707,-1.187,0.59955
-0.41687,-1.1871,0.59933
-0.41667,-1.1871,0.59912
-0.41648,-1.1872,0.59891
-0.41629,-1.1872,0.59871
-0.4161,-1.1873,0.59851
-0.41592,-1.1873,0.59831
-0.41574,-1.1874,0.59812
-0.41557,-1.1874,0.59793
-0.41539,-1.1875,0.59774
-0.41522,-1.1875,0.59756
-0.41506,-1.1876,0.59738
-0.41489,-1.1876,0.5972
-0.41473,-1.1876,0.59703
-0.41458,-1.1877,0.59686
-0.41442,-1.1877,0.59669
-0.41427,-1.1878,0.59653
-0.41412,-1.1878,0.59637
-0.41398,-1.1878,0.59621
-0.41383,-1.1879,0.59606
-0.41369,-1.1879,0.59591
-0.41356,-1.1879,0.59576
-0.41342,-1.188,0.59561
-0.41329,-1.188,0.59547
-0.41316,-1.188,0.59533
-0.41303,-1.1881,0.59519
-0.41291,-1.1881,0.59506
-0.41637,-1.1879,0.59879
-0.41976,-1.1876,0.60245
-0.42308,-1.1874,0.60603
-0.42634,-1.1872,0.60954
-0.42953,-1.187,0.61299
-0.43266,-1.1867,0.61636
-0.43573,-1.1865,0.61967
-0.43873,-1.1863,0.62291
-0.44168,-1.186,0.62608
-0.44456,-1.1858,0.6292
-0.44739,-1.1856,0.63225
-0.45016,-1.1854,0.63524
-0.45288,-1.1851,0.63817
-0.45554,-1.1849,0.64104
-0.45814,-1.1847,0.64386
-0.4607,-1.1845,0.64662
-0.46321,-1.1843,0.64932
-0.46566,-1.1841,0.65197
-0.46807,-1.1838,0.65457
-0.47042,-1.1836,0.65711
-0.47273,-1.1834,0.65961
-0.475,-1.1832,0.66206
-0.47722,-1.183,0.66445
-0.47939,-1.1828,0.6668
-0.48153,-1.1826,0.66911
-0.48362,-1.1824,0.67136
-0.48566,-1.1822,0.67358
-0.48767,-1.182,0.67575
-0.48964,-1.1818,0.67787
-0.49157,-1.1816,0.67996
-0.49346,-1.1814,0.682
-0.49531,-1.1812,0.684
-0.49713,-1.181,0.68597
-0.49891,-1.1809,0.68789
-0.50065,-1.1807,0.68978
-0.50236,-1.1805,0.69163
-0.50404,-1.1803,0.69344
-0.50568,-1.1801,0.69522
-0.50729,-1.18,0.69696
-0.50887,-1.1798,0.69867
-0.51042,-1.1796,0.70034
-0.51194,-1.1795,0.70198
-0.51342,-1.1793,0.70359
-0.51488,-1.1791,0.70517
-0.51631,-1.179,0.70672
-0.51771,-1.1788,0.70823
-0.51909,-1.1787,0.70972
-0.52043,-1.1785,0.71118
-0.52175,-1.1784,0.7126
-0.52305,-1.1782,0.71401
-0.52432,-1.1781,0.71538
-0.52556,-1.1779,0.71673
-0.52678,-1.1778,0.71805
-0.52798,-1.1776,0.71934
-0.52915,-1.1775,0.72061
-0.5303,-1.1774,0.72185
-0.53143,-1.1772,0.72307
-0.53253,-1.1771,0.72427
-0.53361,-1.177,0.72544
-0.53468,-1.1768,0.72659
-0.53572,-1.1767,0.72772
-0.53674,-1.1766,0.72883
-0.53774,-1.1765,0.72991
-0.53872,-1.1764,0.73098
-0.53969,-1.1762,0.73202
-0.54063,-1.1761,0.73304
-0.54155,-1.176,0.73404
-0.54246,-1.1759,0.73503
-0.54335,-1.1758,0.73599
-0.54422,-1.1757,0.73694
-0.54508,-1.1756,0.73786
-0.54592,-1.1755,0.73877
-0.54674,-1.1754,0.73967
-0.54755,-1.1752,0.74054
-0.54834,-1.1751,0.7414
-0.54912,-1.175,0.74224
-0.54988,-1.175,0.74306
-0.55062,-1.1749,0.74387
-0.55135,-1.1748,0.74466
-0.55207,-1.1747,0.74544
-0.55278,-1.1746,0.7462
-0.55347,-1.1745,0.74695
-0.55414,-1.1744,0.74769
-0.55481,-1.1743,0.74841
-0.55546,-1.1742,0.74911
-0.5561,-1.1741,0.7498
-0.55672,-1.1741,0.75048
-0.55734,-1.174,0.75115
-0.55794,-1.1739,0.7518
-0.55853,-1.1738,0.75244
-0.55911,-1.1737,0.75307
-0.55968,-1.1737,0.75368
-0.56023,-1.1736,0.75429
-0.56078,-1.1735,0.75488
-0.56131,-1.1734,0.75546
-0.56184,-1.1734,0.75603
-0.56236,-1.1733,0.75659
-0.56286,-1.1732,0.75714
-0.56336,-1.1732,0.75768
-0.56384,-1.1731,0.7582
-0.56432,-1.173,0.75872
-0.56479,-1.173,0.75923
-0.56525,-1.1729,0.75973
-0.56239,-1.1733,0.75663
-0.55958,-1.1737,0.75358
-0.55682,-1.1741,0.75059
-0.55411,-1.1745,0.74765
-0.55144,-1.1749,0.74476
-0.54882,-1.1752,0.74191
-0.54624,-1.1756,0.73912
-0.5437,-1.1759,0.73637
-0.54121,-1.1762,0.73368
-0.53876,-1.1766,0.73102
-0.53636,-1.1769,0.72842
-0.53399,-1.1772,0.72586
-0.53167,-1.1775,0.72334
-0.52939,-1.1778,0.72087
-0.52714,-1.1781,0.71844
-0.52494,-1.1783,0.71605
-0.52277,-1.1786,0.71371
-0.52064,-1.1789,0.71141
-0.51855,-1.1791,0.70914
-0.5165,-1.1794,0.70692
-0.51448,-1.1796,0.70474
-0.5125,-1.1798,0.70259
-0.51055,-1.1801,0.70049
-0.50864,-1.1803,0.69842
-0.50676,-1.1805,0.69639
-0.50491,-1.1807,0.69439
-0.5031,-1.1809,0.69243
-0.50132,-1.1811,0.6905
-0.49957,-1.1813,0.68861
-0.49785,-1.1815,0.68676
-0.49616,-1.1817,0.68493
-0.49451,-1.1819,0.68314
-0.49288,-1.1821,0.68138
-0.49128,-1.1822,0.67966
-0.48971,-1.1824,0.67796
-0.48817,-1.1826,0.6763
-0.48666,-1.1827,0.67466
-0.48517,-1.1829,0.67305
-0.48371,-1.183,0.67148
-0.48228,-1.1832,0.66993
-0.48087,-1.1833,0.66841
-0.47949,-1.1835,0.66692
-0.47813,-1.1836,0.66545
-0.4768,-1.1837,0.66402
-0.47549,-1.1839,0.6626
-0.47421,-1.184,0.66122
-0.47295,-1.1841,0.65986
-0.47171,-1.1843,0.65852
-0.4705,-1.1844,0.65721
-0.4693,-1.1845,0.65592
-0.46823,-1.1853,0.65477
-0.46718,-1.186,0.65363
-0.46614,-1.1868,0.65251
-0.46512,-1.1875,0.6514
-0.46411,-1.1882,0.65032
-0.46312,-1.1889,0.64925
-0.46214,-1.1896,0.6482
-0.46118,-1.1903,0.64716
-0.46023,-1.1909,0.64614
-0.4593,-1.1916,0.64513
-0.45838,-1.1922,0.64415
-0.45747,-1.1928,0.64317
-0.45658,-1.1934,0.64222
-0.45571,-1.194,0.64127
-0.45485,-1.1946,0.64034
-0.454,-1.1952,0.63943
-0.45316,-1.1958,0.63853
-0.45234,-1.1963,0.63765
-0.45153,-1.1969,0.63678
-0.45073,-1.1974,0.63593
-0.44995,-1.1979,0.63508
-0.44918,-1.1984,0.63426
-0.44842,-1.1989,0.63344
-0.44767,-1.1994,0.63264
-0.44694,-1.1999,0.63185
-0.44622,-1.2004,0.63108
-0.44551,-1.2009,0.63032
-0.44481,-1.2013,0.62957
-0.44412,-1.2018,0.62883
-0.44344,-1.2022,0.6281
-0.44278,-1.2026,0.62739
-0.44212,-1.2031,0.62669
-0.44148,-1.2035,0.626
-0.44085,-1.2039,0.62532
-0.44023,-1.2043,0.62466
-0.43961,-1.2047,0.624
-0.43901,-1.205,0.62336
-0.43842,-1.2054,0.62272
-0.43784,-1.2058,0.6221
-0.43727,-1.2061,0.62149
-0.43671,-1.2065,0.62089
-0.43616,-1.2068,0.6203
-0.43561,-1.2072,0.61972
-0.43508,-1.2075,0.61915
-0.43455,-1.2079,0.61858
-0.43404,-1.2082,0.61803
-0.43353,-1.2085,0.61749
-0.43303,-1.2088,0.61696
-0.43254,-1.2091,0.61643
-0.43206,-1.2094,0.61592
-0.42898,-1.2084,0.61262
-0.42597,-1.2073,0.60941
-0.42304,-1.2063,0.60627
-0.42018,-1.2054,0.60321
-0.41739,-1.2044,0.60021
-0.41466,-1.2034,0.59729
-0.412,-1.2025,0.59444
-0.4094,-1.2016,0.59166
-0.40687,-1.2007,0.58894
-0.40439,-1.1998,0.58629
-0.40198,-1.1989,0.58369
-0.39962,-1.198,0.58116
-0.39731,-1.1972,0.57869
-0.39506,-1.1963,0.57627
-0.39287,-1.1955,0.57391
-0.39072,-1.1947,0.5716
-0.38862,-1.1939,0.56935
-0.38657,-1.1931,0.56714
-0.38457,-1.1923,0.56499
-0.38262,-1.1916,0.56288
-0.38071,-1.1908,0.56083
-0.37884,-1.1901,0.55881
-0.37701,-1.1894,0.55685
-0.37523,-1.1887,0.55493
-0.37348,-1.188,0.55305
-0.37178,-1.1873,0.55121
-0.37011,-1.1866,0.54941
-0.36848,-1.186,0.54765
-0.36689,-1.1853,0.54593
-0.36533,-1.1847,0.54425
-0.36381,-1.1841,0.54261
-0.36232,-1.1834,0.541
-0.36086,-1.1828,0.53943
-0.35944,-1.1822,0.53789
-0.35805,-1.1817,0.53638
-0.35668,-1.1811,0.53491
-0.35535,-1.1805,0.53347
-0.35405,-1.18,0.53206
-0.35277,-1.1794,0.53068
-0.35152,-1.1789,0.52932
-0.3503,-1.1784,0.528
-0.3491,-1.1778,0.52671
-0.34793,-1.1773,0.52544
-0.34679,-1.1768,0.5242
-0.34567,-1.1764,0.52299
-0.34457,-1.1759,0.5218
-0.3435,-1.1754,0.52064
-0.34245,-1.1749,0.5195
-0.34142,-1.1745,0.51839
-0.34249,-1.1754,0.51954
-0.34354,-1.1764,0.52068
-0.34458,-1.1773,0.52181
-0.3456,-1.1782,0.52291
-0.34661,-1.1791,0.524
-0.3476,-1.18,0.52508
-0.34858,-1.1808,0.52614
-0.34955,-1.1817,0.52718
-0.3505,-1.1825,0.52821
-0.35143,-1.1833,0.52922
-0.35236,-1.1841,0.53022
-0.35327,-1.1849,0.5312
-0.35416,-1.1856,0.53217
-0.35504,-1.1864,0.53312
-0.35591,-1.1871,0.53406
-0.35677,-1.1878,0.53498
-0.35761,-1.1885,0.53589
-0.35844,-1.1892,0.53678
-0.35926,-1.1899,0.53766
-0.36007,-1.1906,0.53853
-0.36086,-1.1912,0.53939
-0.36164,-1.1919,0.54023
-0.36241,-1.1925,0.54105
-0.36317,-1.1931,0.54187
-0.36391,-1.1937,0.54267
-0.36465,-1.1943,0.54346
-0.36537,-1.1949,0.54424
-0.36608,-1.1955,0.545
-0.36678,-1.196,0.54575
-0.36747,-1.1966,0.54649
-0.36814,-1.1971,0.54722
-0.36881,-1.1976,0.54793
-0.36947,-1.1981,0.54864
-0.37011,-1.1986,0.54933
-0.37075,-1.1991,0.55001
-0.37137,-1.1996,0.55068
-0.37198,-1.2001,0.55134
-0.37259,-1.2006,0.55199
-0.37318,-1.201,0.55263
-0.37377,-1.2015,0.55325
-0.37434,-1.2019,0.55387
-0.37491,-1.2024,0.55448
-0.37547,-1.2028,0.55507
-0.37601,-1.2032,0.55566
-0.37655,-1.2036,0.55624
-0.37708,-1.204,0.5568
-0.3776,-1.2044,0.55736
-0.37811,-1.2048,0.55791
-0.37861,-1.2052,0.55845
-0.37911,-1.2055,0.55898
-0.3796,-1.2059,0.5595
-0.38007,-1.2063,0.56001
-0.38054,-1.2066,0.56051
-0.381,-1.207,0.56101
-0.38146,-1.2073,0.56149
-0.38191,-1.2076,0.56197
-0.38234,-1.208,0.56244
-0.38278,-1.2083,0.5629
-0.3832,-1.2086,0.56335
-0.38362,-1.2089,0.5638
-0.38403,-1.2092,0.56424
-0.38443,-1.2095,0.56467
-0.38482,-1.2098,0.56509
-0.38521,-1.2101,0.5655
-0.38559,-1.2103,0.56591
-0.38597,-1.2106,0.56631
-0.38634,-1.2109,0.56671
-0.3867,-1.2111,0.5671
-0.38706,-1.2114,0.56748
-0.38741,-1.2117,0.56785
-0.38775,-1.2119,0.56822
-0.38809,-1.2122,0.56858
-0.38842,-1.2124,0.56893
-0.38875,-1.2126,0.56928
-0.38907,-1.2129,0.56962
-0.38938,-1.2131,0.56996
-0.38969,-1.2133,0.57029
-0.38999,-1.2135,0.57061
-0.39029,-1.2137,0.57093
-0.39058,-1.2139,0.57124
-0.39087,-1.2141,0.57155
-0.39116,-1.2143,0.57185
-0.39143,-1.2145,0.57215
-0.39171,-1.2147,0.57244
-0.39197,-1.2149,0.57273
-0.39224,-1.2151,0.57301
-0.3925,-1.2153,0.57328
-0.39275,-1.2155,0.57355
-0.393,-1.2156,0.57382
-0.39324,-1.2158,0.57408
-0.39348,-1.216,0.57434
-0.39372,-1.2162,0.57459
-0.39395,-1.2163,0.57484
-0.39418,-1.2165,0.57508
-0.3944,-1.2166,0.57532
-0.39464,-1.2161,0.57557
-0.39488,-1.2156,0.57582
-0.39511,-1.2151,0.57607
-0.39533,-1.2147,0.57631
-0.39555,-1.2142,0.57654
-0.39577,-1.2137,0.57677
-0.39598,-1.2133,0.577
-0.39619,-1.2128,0.57722
-0.39639,-1.2124,0.57744
-0.39659,-1.212,0.57765
-0.39678,-1.2116,0.57785
-0.39697,-1.2111,0.57806
-0.39716,-1.2107,0.57825
-0.39734,-1.2103,0.57845
-0.39751,-1.21,0.57864
-0.39769,-1.2096,0.57882
-0.39786,-1.2092,0.57901
-0.39803,-1.2088,0.57918
-0.39819,-1.2085,0.57936
-0.39835,-1.2081,0.57953
-0.39851,-1.2078,0.5797
-0.39866,-1.2074,0.57986
-0.39881,-1.2071,0.58002
-0.39896,-1.2068,0.58018
-0.3991,-1.2065,0.58033
-0.39924,-1.2061,0.58048
-0.39938,-1.2058,0.58063
-0.39951,-1.2055,0.58078
-0.39965,-1.2052,0.58092
-0.39978,-1.2049,0.58106
-0.3999,-1.2047,0.58119
-0.40003,-1.2044,0.58133
-0.40015,-1.2041,0.58146
-0.40027,-1.2038,0.58159
-0.40039,-1.2036,0.58171
-0.4005,-1.2033,0.58183
-0.40061,-1.203,0.58195
-0.40072,-1.2028,0.58207
-0.40083,-1.2026,0.58219
-0.40094,-1.2023,0.5823
-0.40104,-1.2021,0.58241
-0.40114,-1.2018,0.58252
-0.40124,-1.2016,0.58263
-0.40134,-1.2014,0.58273
-0.40143,-1.2012,0.58283
-0.40153,-1.201,0.58293
-0.40162,-1.2007,0.58303
-0.40171,-1.2005,0.58313
-0.4018,-1.2003,0.58322
-0.40188,-1.2001,0.58332
-0.40197,-1.1999,0.58341
-0.40205,-1.1997,0.5835
-0.40213,-1.1996,0.58358
-0.40221,-1.1994,0.58367
-0.40229,-1.1992,0.58375
-0.40237,-1.199,0.58383
-0.40244,-1.1988,0.58391
-0.40252,-1.1987,0.58399
-0.40259,-1.1985,0.58407
-0.40266,-1.1983,0.58415
-0.40273,-1.1982,0.58422
-0.40279,-1.198,0.58429
-0.40286,-1.1979,0.58437
-0.40293,-1.1977,0.58444
-0.40299,-1.1976,0.5845
-0.40305,-1.1974,0.58457
-0.40311,-1.1973,0.58464
-0.40317,-1.1971,0.5847
-0.40323,-1.197,0.58477
-0.40329,-1.1968,0.58483
-0.40335,-1.1967,0.58489
-0.4034,-1.1966,0.58495
-0.40346,-1.1965,0.58501
-0.40351,-1.1963,0.58506
-0.40356,-1.1962,0.58512
-0.40362,-1.1961,0.58518
-0.40367,-1.196,0.58523
-0.40372,-1.1958,0.58528
-0.40376,-1.1957,0.58534
-0.40381,-1.1956,0.58539
-0.40386,-1.1955,0.58544
-0.4039,-1.1954,0.58549
-0.40395,-1.1953,0.58553
-0.40399,-1.1952,0.58558
-0.40404,-1.1951,0.58563
-0.40408,-1.195,0.58567
-0.40412,-1.1949,0.58572
-0.40416,-1.1948,0.58576
-0.4042,-1.1947,0.5858
-0.40424,-1.1946,0.58585
-0.40428,-1.1945,0.58589
-0.40432,-1.1944,0.58593
-0.40435,-1.1943,0.58597
-0.40439,-1.1942,0.58601
-0.40561,-1.1926,0.58732
-0.4068,-1.191,0.5886
-0.40795,-1.1895,0.58984
-0.40908,-1.1879,0.59105
-0.41017,-1.1864,0.59223
-0.41123,-1.1849,0.59338
-0.41227,-1.1835,0.5945
-0.41328,-1.182,0.59559
-0.41426,-1.1806,0.59665
-0.41522,-1.1793,0.59769
-0.41615,-1.1779,0.5987
-0.41706,-1.1766,0.59968
-0.41795,-1.1753,0.60064
-0.41881,-1.174,0.60158
-0.41965,-1.1727,0.60249
-0.42047,-1.1715,0.60338
-0.42127,-1.1703,0.60425
-0.42205,-1.1691,0.60509
-0.42281,-1.168,0.60592
-0.42355,-1.1668,0.60673
-0.42428,-1.1657,0.60751
-0.42498,-1.1646,0.60828
-0.42567,-1.1635,0.60903
-0.42634,-1.1625,0.60976
-0.427,-1.1614,0.61048
-0.42764,-1.1604,0.61118
-0.42827,-1.1594,0.61186
-0.42888,-1.1584,0.61253
-0.42947,-1.1575,0.61318
-0.43005,-1.1565,0.61381
-0.43062,-1.1556,0.61443
-0.43118,-1.1547,0.61504
-0.43172,-1.1538,0.61563
-0.43225,-1.1529,0.61621
-0.43277,-1.152,0.61678
-0.43327,-1.1512,0.61733
-0.43377,-1.1504,0.61787
-0.43425,-1.1496,0.6184
-0.43472,-1.1488,0.61892
-0.43518,-1.148,0.61942
-0.43563,-1.1472,0.61992
-0.43607,-1.1465,0.6204
-0.4365,-1.1457,0.62087
-0.43692,-1.145,0.62134
-0.43734,-1.1443,0.62179
-0.43774,-1.1436,0.62223
-0.43813,-1.1429,0.62266
-0.43764,-1.1444,0.62213
-0.43716,-1.146,0.6216
-0.43668,-1.1474,0.62107
-0.43621,-1.1489,0.62056
-0.43575,-1.1503,0.62005
-0.43529,-1.1517,0.61954
-0.43483,-1.1531,0.61905
-0.43438,-1.1545,0.61855
-0.43394,-1.1558,0.61807
-0.4335,-1.1571,0.61759
-0.43307,-1.1584,0.61712
-0.43264,-1.1596,0.61665
-0.43222,-1.1609,0.61619
-0.4318,-1.1621,0.61574
-0.43139,-1.1633,0.61529
-0.43099,-1.1644,0.61485
-0.43059,-1.1656,0.61441
-0.43019,-1.1667,0.61398
-0.4298,-1.1678,0.61356
-0.42942,-1.1689,0.61314
-0.42904,-1.1699,0.61273
-0.42866,-1.1709,0.61232
-0.42829,-1.172,0.61192
-0.42793,-1.173,0.61153
-0.42757,-1.1739,0.61114
-0.42722,-1.1749,0.61075
-0.42687,-1.1758,0.61038
-0.42652,-1.1768,0.61
-0.42618,-1.1777,0.60963
-0.42585,-1.1786,0.60927
-0.42552,-1.1794,0.60892
-0.42519,-1.1803,0.60856
-0.42487,-1.1811,0.60822
-0.42456,-1.1819,0.60788
-0.42425,-1.1828,0.60754
-0.42394,-1.1836,0.60721
-0.42364,-1.1843,0.60688
-0.42334,-1.1851,0.60656
-0.42305,-1.1858,0.60625
-0.42276,-1.1866,0.60593
-0.42248,-1.1873,0.60563
-0.4222,-1.188,0.60533
-0.42192,-1.1887,0.60503
-0.42165,-1.1894,0.60474
-0.42138,-1.19,0.60445
-0.42112,-1.1907,0.60416
-0.42086,-1.1913,0.60388
-0.4206,-1.192,0.60361
-0.42035,-1.1926,0.60334
-0.4201,-1.1932,0.60307
-0.41986,-1.1938,0.60281
-0.41962,-1.1944,0.60255
-0.41938,-1.195,0.6023
-0.41915,-1.1955,0.60205
-0.41892,-1.1961,0.6018
-0.4187,-1.1966,0.60156
-0.41848,-1.1971,0.60133
-0.41826,-1.1977,0.60109
-0.41805,-1.1982,0.60086
-0.41783,-1.1987,0.60063
-0.41763,-1.1992,0.60041
-0.41742,-1.1997,0.60019
-0.41722,-1.2001,0.59998
-0.41702,-1.2006,0.59977
-0.41683,-1.201,0.59956
-0.41664,-1.2015,0.59935
-0.41645,-1.2019,0.59915
-0.41627,-1.2024,0.59895
-0.41609,-1.2028,0.59876
-0.41591,-1.2032,0.59857
-0.41573,-1.2036,0.59838
-0.41556,-1.204,0.59819
-0.41539,-1.2044,0.59801
-0.41522,-1.2048,0.59783
-0.41506,-1.2052,0.59766
-0.41489,-1.2055,0.59748
-0.41474,-1.2059,0.59731
-0.41458,-1.2063,0.59715
-0.41443,-1.2066,0.59698
-0.41428,-1.2069,0.59682
-0.41413,-1.2073,0.59666
-0.41398,-1.2076,0.59651
-0.41384,-1.2079,0.59635
-0.4137,-1.2083,0.5962
-0.41356,-1.2086,0.59605
-0.41342,-1.2089,0.59591
-0.41329,-1.2092,0.59577
-0.41316,-1.2095,0.59562
-0.41303,-1.2097,0.59549
-0.4129,-1.21,0.59535
-0.41278,-1.2103,0.59522
-0.41265,-1.2106,0.59509
-0.41253,-1.2109,0.59496
-0.41242,-1.2111,0.59483
-0.4123,-1.2114,0.59471
-0.41218,-1.2116,0.59459
-0.41207,-1.2119,0.59447
-0.41196,-1.2121,0.59435
-0.41185,-1.2124,0.59423
-0.41175,-1.2126,0.59412
-0.41164,-1.2128,0.59401
-0.41154,-1.213,0.5939
-0.41144,-1.2133,0.59379
-0.41134,-1.2135,0.59368
-0.41124,-1.2137,0.59358
-0.41115,-1.2139,0.59348
-0.41105,-1.2141,0.59338
-0.41096,-1.2143,0.59328
-0.41087,-1.2145,0.59318
-0.41078,-1.2147,0.59309
-0.41069,-1.2149,0.59299
-0.41061,-1.2151,0.5929
-0.41052,-1.2153,0.59281
-0.41044,-1.2154,0.59272
-0.41036,-1.2156,0.59264
-0.41028,-1.2158,0.59255
-0.4102,-1.216,0.59247
-0.41012,-1.2161,0.59238
-0.41005,-1.2163,0.5923
-0.40997,-1.2164,0.59222
-0.4099,-1.2166,0.59215
-0.40983,-1.2168,0.59207
-0.40976,-1.2169,0.59199
-0.40969,-1.2171,0.59192
-0.40962,-1.2172,0.59185
-0.40955,-1.2173,0.59178
-0.40949,-1.2175,0.59171
-0.40942,-1.2176,0.59164
-0.40936,-1.2178,0.59157
-0.4093,-1.2179,0.59151
-0.40924,-1.218,0.59144
-0.40918,-1.2181,0.59138
-0.40912,-1.2183,0.59131
-0.40906,-1.2184,0.59125
-0.409,-1.2185,0.59119
-0.40895,-1.2186,0.59113
-0.40889,-1.2187,0.59108
-0.40884,-1.2189,0.59102
-0.40879,-1.219,0.59096
-0.40874,-1.2191,0.59091
-0.40869,-1.2192,0.59085
-0.40864,-1.2193,0.5908
-0.40859,-1.2194,0.59075
-0.40854,-1.2195,0.5907
-0.40849,-1.2196,0.59065
-0.40845,-1.2197,0.5906
-0.4084,-1.2198,0.59055
-0.40836,-1.2199,0.5905
-0.40831,-1.22,0.59046
-0.40827,-1.2201,0.59041
-0.40823,-1.2201,0.59037
-0.40819,-1.2202,0.59032
-0.40815,-1.2203,0.59028
-0.40811,-1.2204,0.59024
-0.40807,-1.2205,0.59019
-0.40803,-1.2206,0.59015
-0.40799,-1.2206,0.59011
-0.40795,-1.2207,0.59007
-0.40792,-1.2208,0.59004
-0.40788,-1.2209,0.59
-0.40785,-1.2209,0.58996
-0.40781,-1.221,0.58992
-0.40778,-1.2211,0.58989
-0.40775,-1.2212,0.58985
-0.40771,-1.2212,0.58982
-0.40768,-1.2213,0.58978
-0.40765,-1.2214,0.58975
-0.40762,-1.2214,0.58972
-0.40759,-1.2215,0.58969
-0.40756,-1.2215,0.58965
-0.40753,-1.2216,0.58962
-0.4075,-1.2217,0.58959
-0.40747,-1.2217,0.58956
-0.40745,-1.2218,0.58953
-0.40742,-1.2218,0.58951
-0.40739,-1.2219,0.58948
-0.40737,-1.2219,0.58945
-0.40734,-1.222,0.58942
-0.40732,-1.222,0.5894
-0.40729,-1.2221,0.58937
-0.40727,-1.2222,0.58934
-0.40724,-1.2222,0.58932
-0.40437,-1.2201,0.58626
-0.40158,-1.2181,0.58328
-0.39887,-1.2161,0.5804
-0.39624,-1.2142,0.5776
-0.39369,-1.2123,0.57488
-0.39122,-1.2104,0.57223
-0.38882,-1.2085,0.56967
-0.38649,-1.2067,0.56717
-0.38422,-1.2049,0.56475
-0.38202,-1.2032,0.56239
-0.37988,-1.2014,0.56009
-0.3778,-1.1997,0.55787
-0.37578,-1.1981,0.5557
-0.37382,-1.1964,0.55359
-0.37191,-1.1948,0.55153
-0.37005,-1.1933,0.54953
-0.36824,-1.1917,0.54759
-0.36648,-1.1902,0.54569
-0.36477,-1.1887,0.54385
-0.3631,-1.1872,0.54205
-0.36148,-1.1858,0.5403
-0.35989,-1.1844,0.53859
-0.35836,-1.183,0.53693
-0.35686,-1.1816,0.53531
-0.3554,-1.1803,0.53373
-0.35397,-1.179,0.53219
-0.35258,-1.1777,0.53069
-0.35123,-1.1764,0.52923
-0.34992,-1.1752,0.5278
-0.34863,-1.174,0.5264
-0.34738,-1.1728,0.52505
-0.34616,-1.1716,0.52372
-0.34497,-1.1704,0.52243
-0.3438,-1.1693,0.52117
-0.34267,-1.1682,0.51993
-0.34156,-1.1671,0.51873
-0.34048,-1.166,0.51756
-0.33943,-1.165,0.51641
-0.3384,-1.1639,0.51529
-0.3374,-1.1629,0.5142
-0.33642,-1.1619,0.51313
-0.33546,-1.1609,0.51209
-0.33453,-1.16,0.51107
-0.33577,-1.1606,0.51242
-0.33699,-1.1611,0.51375
-0.33819,-1.1617,0.51506
-0.33937,-1.1622,0.51635
-0.34053,-1.1628,0.51762
-0.34168,-1.1633,0.51886
-0.3428,-1.1638,0.52009
-0.34391,-1.1643,0.52129
-0.345,-1.1648,0.52247
-0.34607,-1.1653,0.52364
-0.34712,-1.1658,0.52478
-0.34815,-1.1662,0.52591
-0.34917,-1.1667,0.52702
-0.35017,-1.1671,0.52811
-0.35116,-1.1676,0.52918
-0.35213,-1.168,0.53023
-0.35308,-1.1684,0.53126
-0.35401,-1.1688,0.53228
-0.35493,-1.1692,0.53328
-0.35584,-1.1696,0.53426
-0.35673,-1.17,0.53523
-0.3576,-1.1704,0.53618
-0.35846,-1.1708,0.53711
-0.35931,-1.1712,0.53803
-0.36014,-1.1715,0.53893
-0.36095,-1.1719,0.53982
-0.36176,-1.1722,0.54069
-0.36254,-1.1725,0.54154
-0.36332,-1.1729,0.54239
-0.36408,-1.1732,0.54321
-0.36483,-1.1735,0.54402
-0.36557,-1.1738,0.54482
-0.36629,-1.1741,0.54561
-0.367,-1.1744,0.54638
-0.3677,-1.1747,0.54713
-0.36838,-1.175,0.54788
-0.36906,-1.1753,0.54861
-0.36972,-1.1756,0.54933
-0.37037,-1.1759,0.55003
-0.37101,-1.1761,0.55072
-0.37164,-1.1764,0.5514
-0.37226,-1.1766,0.55207
-0.37286,-1.1769,0.55273
-0.37346,-1.1771,0.55337
-0.37165,-1.1759,0.55142
-0.36989,-1.1747,0.54951
-0.36818,-1.1735,0.54765
-0.3665,-1.1723,0.54583
-0.36487,-1.1711,0.54406
-0.36328,-1.17,0.54233
-0.36173,-1.1689,0.54065
-0.36021,-1.1678,0.539
-0.35873,-1.1667,0.53739
-0.35729,-1.1657,0.53582
-0.35588,-1.1646,0.53429
-0.35451,-1.1636,0.53279
-0.35316,-1.1626,0.53133
-0.35185,-1.1616,0.52991
-0.35058,-1.1607,0.52851
-0.34933,-1.1597,0.52715
-0.34811,-1.1588,0.52582
-0.34692,-1.1579,0.52452
-0.34575,-1.157,0.52325
-0.34462,-1.1561,0.52201
-0.34351,-1.1552,0.52079
-0.34242,-1.1544,0.51961
-0.34136,-1.1536,0.51845
-0.34033,-1.1527,0.51732
-0.33932,-1.1519,0.51621
-0.33833,-1.1511,0.51513
-0.33736,-1.1504,0.51407
-0.33642,-1.1496,0.51303
-0.33549,-1.1489,0.51202
-0.33459,-1.1481,0.51103
-0.33371,-1.1474,0.51006
-0.33284,-1.1467,0.50912
-0.332,-1.146,0.50819
-0.33117,-1.1453,0.50728
-0.33037,-1.1447,0.5064
-0.32958,-1.144,0.50553
-0.32881,-1.1434,0.50468
-0.32805,-1.1428,0.50385
-0.32731,-1.1421,0.50304
-0.32659,-1.1415,0.50225
-0.32588,-1.1409,0.50147
-0.32519,-1.1403,0.50071
-0.32452,-1.1398,0.49996
-0.32574,-1.1414,0.50132
-0.32696,-1.143,0.50265
-0.32816,-1.1445,0.50397
-0.32935,-1.1461,0.50527
-0.33052,-1.1476,0.50656
-0.33168,-1.1491,0.50783
-0.33283,-1.1505,0.50909
-0.33396,-1.1519,0.51033
-0.33508,-1.1533,0.51156
-0.33618,-1.1547,0.51276
-0.33728,-1.156,0.51396
-0.33836,-1.1573,0.51514
-0.33942,-1.1586,0.5163
-0.34047,-1.1599,0.51745
-0.34151,-1.1611,0.51858
-0.34254,-1.1623,0.5197
-0.34355,-1.1635,0.5208
-0.34455,-1.1647,0.52189
-0.34553,-1.1658,0.52296
-0.34651,-1.1669,0.52402
-0.34747,-1.1681,0.52506
-0.34841,-1.1691,0.52609
-0.34935,-1.1702,0.52711
-0.35027,-1.1712,0.52811
-0.35118,-1.1723,0.5291
-0.35208,-1.1733,0.53007
-0.35296,-1.1742,0.53103
-0.35384,-1.1752,0.53197
-0.3547,-1.1761,0.53291
-0.35554,-1.1771,0.53383
-0.35638,-1.178,0.53473
-0.3572,-1.1789,0.53562
-0.35802,-1.1797,0.5365
-0.35882,-1.1806,0.53737
-0.35961,-1.1814,0.53822
-0.36038,-1.1823,0.53906
-0.36115,-1.1831,0.53989
-0.36191,-1.1839,0.54071
-0.36265,-1.1846,0.54151
-0.36338,-1.1854,0.5423
-0.36411,-1.1861,0.54308
-0.36482,-1.1869,0.54385
-0.36552,-1.1876,0.5446
-0.36621,-1.1883,0.54535
-0.36689,-1.189,0.54608
-0.36756,-1.1897,0.5468
-0.36822,-1.1903,0.54751
-0.36886,-1.191,0.54821
-0.3695,-1.1916,0.5489
-0.37013,-1.1923,0.54957
-0.37075,-1.1929,0.55024
-0.37136,-1.1935,0.5509
-0.37196,-1.1941,0.55154
-0.37255,-1.1947,0.55218
-0.37313,-1.1952,0.5528
-0.37371,-1.1958,0.55342
-0.37427,-1.1964,0.55402
-0.37482,-1.1969,0.55462
-0.37537,-1.1974,0.5552
-0.3759,-1.1979,0.55578
-0.37643,-1.1984,0.55634
-0.37695,-1.1989,0.5569
-0.37746,-1.1994,0.55745
-0.37797,-1.1999,0.55799
-0.37846,-1.2004,0.55852
-0.37895,-1.2008,0.55904
-0.37942,-1.2013,0.55956
-0.3799,-1.2017,0.56006
-0.38036,-1.2022,0.56056
-0.38081,-1.2026,0.56104
-0.38126,-1.203,0.56152
-0.3817,-1.2034,0.562
-0.38213,-1.2038,0.56246
-0.38256,-1.2042,0.56292
-0.38298,-1.2046,0.56336
-0.38339,-1.205,0.5638
-0.38379,-1.2054,0.56424
-0.38419,-1.2058,0.56466
-0.38458,-1.2061,0.56508
-0.38497,-1.2065,0.56549
-0.38535,-1.2068,0.5659
-0.38572,-1.2072,0.5663
-0.38608,-1.2075,0.56669
-0.38644,-1.2078,0.56707
-0.3868,-1.2081,0.56745
-0.38714,-1.2084,0.56782
-0.38748,-1.2088,0.56818
-0.38782,-1.2091,0.56854
-0.38815,-1.2094,0.5689
-0.38847,-1.2096,0.56924
-0.38879,-1.2099,0.56958
-0.3891,-1.2102,0.56992
-0.38941,-1.2105,0.57024
-0.38971,-1.2108,0.57057
-0.39001,-1.211,0.57088
-0.3903,-1.2113,0.57119
-0.39059,-1.2115,0.5715
-0.39087,-1.2118,0.5718
-0.39114,-1.212,0.5721
-0.39142,-1.2123,0.57239
-0.39168,-1.2125,0.57267
-0.39194,-1.2127,0.57295
-0.3922,-1.213,0.57323
-0.39245,-1.2132,0.5735
-0.3927,-1.2134,0.57376
-0.39295,-1.2136,0.57402
-0.39319,-1.2138,0.57428
-0.39342,-1.214,0.57453
-0.39365,-1.2142,0.57478
-0.39388,-1.2144,0.57502
-0.39411,-1.2146,0.57526
-0.39432,-1.2148,0.57549
-0.39454,-1.215,0.57572
-0.39475,-1.2152,0.57595
-0.39496,-1.2154,0.57617
-0.39516,-1.2156,0.57639
-0.39536,-1.2157,0.5766
-0.39556,-1.2159,0.57681
-0.39575,-1.2161,0.57702
-0.39594,-1.2162,0.57722
-0.39613,-1.2164,0.57742
-0.39631,-1.2166,0.57761
-0.39649,-1.2167,0.57781
-0.39667,-1.2169,0.57799
-0.39684,-1.217,0.57818
-0.39701,-1.2172,0.57836
-0.39718,-1.2173,0.57854
-0.39736,-1.2168,0.57873
-0.39754,-1.2163,0.57892
-0.39771,-1.2158,0.5791
-0.39788,-1.2153,0.57928
-0.39804,-1.2148,0.57946
-0.3982,-1.2143,0.57963
-0.39836,-1.2139,0.5798
-0.39851,-1.2134,0.57996
-0.39867,-1.213,0.58012
-0.39881,-1.2125,0.58028
-0.39896,-1.2121,0.58043
-0.3991,-1.2117,0.58058
-0.39924,-1.2113,0.58073
-0.39937,-1.2109,0.58088
-0.39951,-1.2105,0.58102
-0.39964,-1.2101,0.58116
-0.39976,-1.2097,0.58129
-0.39989,-1.2093,0.58143
-0.40001,-1.2089,0.58156
-0.40013,-1.2086,0.58169
-0.40025,-1.2082,0.58181
-0.40036,-1.2079,0.58193
-0.40047,-1.2075,0.58205
-0.40058,-1.2072,0.58217
-0.40069,-1.2069,0.58228
-0.40079,-1.2065,0.5824
-0.4009,-1.2062,0.58251
-0.401,-1.2059,0.58262
-0.4011,-1.2056,0.58272
-0.40119,-1.2053,0.58283
-0.40129,-1.205,0.58293
-0.40138,-1.2047,0.58303
-0.40147,-1.2045,0.58312
-0.40156,-1.2042,0.58322
-0.40165,-1.2039,0.58331
-0.40173,-1.2036,0.5834
-0.40182,-1.2034,0.58349
-0.4019,-1.2031,0.58358
-0.40198,-1.2029,0.58367
-0.40206,-1.2026,0.58375
-0.40588,-1.2021,0.58785
-0.40962,-1.2016,0.59186
-0.41328,-1.2012,0.59578
-0.41686,-1.2007,0.59962
-0.42036,-1.2002,0.60338
-0.42379,-1.1998,0.60706
-0.42715,-1.1993,0.61066
-0.43043,-1.1988,0.61418
-0.43365,-1.1984,0.61763
-0.43679,-1.1979,0.62101
-0.43987,-1.1975,0.62432
-0.44288,-1.197,0.62756
-0.44583,-1.1966,0.63073
-0.44872,-1.1962,0.63383
-0.45155,-1.1958,0.63687
-0.45432,-1.1953,0.63984
-0.45702,-1.1949,0.64275
-0.45968,-1.1945,0.6456
-0.46227,-1.1941,0.64839
-0.46481,-1.1937,0.65113
-0.4673,-1.1933,0.6538
-0.46974,-1.1929,0.65642
-0.47212,-1.1925,0.65899
-0.47446,-1.1922,0.6615
-0.47675,-1.1918,0.66396
-0.47898,-1.1914,0.66637
-0.48118,-1.191,0.66874
-0.48332,-1.1907,0.67105
-0.48543,-1.1903,0.67331
-0.48749,-1.19,0.67553
-0.4895,-1.1896,0.6777
-0.49148,-1.1893,0.67983
-0.49341,-1.189,0.68191
-0.4953,-1.1886,0.68395
-0.49716,-1.1883,0.68595
-0.49898,-1.188,0.68791
-0.50076,-1.1877,0.68983
-0.5025,-1.1874,0.69171
-0.50421,-1.187,0.69355
-0.50588,-1.1867,0.69536
-0.50752,-1.1864,0.69712
-0.50631,-1.1841,0.69582
-0.50514,-1.1819,0.69456
-0.50401,-1.1797,0.69333
-0.50291,-1.1775,0.69214
-0.50184,-1.1754,0.69098
-0.5008,-1.1733,0.68986
-0.4998,-1.1712,0.68877
-0.49882,-1.1692,0.68771
-0.49787,-1.1672,0.68668
-0.49695,-1.1653,0.68567
-0.49605,-1.1634,0.6847
-0.49518,-1.1615,0.68375
-0.49434,-1.1597,0.68283
-0.49351,-1.1579,0.68193
-0.49271,-1.1561,0.68106
-0.49194,-1.1544,0.68021
-0.49118,-1.1527,0.67938
-0.49044,-1.151,0.67857
-0.48973,-1.1494,0.67779
-0.48903,-1.1477,0.67702
-0.48835,-1.1462,0.67627
-0.48769,-1.1446,0.67555
-0.48704,-1.1431,0.67484
-0.48641,-1.1416,0.67415
-0.4858,-1.1401,0.67348
-0.48521,-1.1387,0.67282
-0.48463,-1.1373,0.67218
-0.48406,-1.1359,0.67156
-0.48351,-1.1345,0.67095
-0.48297,-1.1332,0.67036
-0.48245,-1.1319,0.66978
-0.48194,-1.1306,0.66921
-0.48144,-1.1294,0.66866
-0.48095,-1.1281,0.66812
-0.48048,-1.1269,0.6676
-0.48001,-1.1257,0.66709
-0.47956,-1.1246,0.66658
-0.47912,-1.1234,0.6661
-0.47869,-1.1223,0.66562
-0.47827,-1.1212,0.66515
-0.47786,-1.1201,0.6647
-0.47746,-1.119,0.66425
-0.47707,-1.118,0.66382
-0.47669,-1.117,0.66339
-0.47631,-1.116,0.66298
-0.47595,-1.115,0.66257
-0.47559,-1.114,0.66218
-0.47525,-1.1131,0.66179
-0.47491,-1.1121,0.66141
-0.47458,-1.1112,0.66104
-0.47425,-1.1103,0.66068
-0.47394,-1.1095,0.66033
-0.47363,-1.1086,0.65998
-0.47332,-1.1078,0.65964
-0.47303,-1.1069,0.65931
-0.47274,-1.1061,0.65899
-0.47246,-1.1053,0.65867
-0.47218,-1.1045,0.65836
-0.47191,-1.1038,0.65806
-0.47165,-1.103,0.65776
-0.47139,-1.1023,0.65747
-0.47114,-1.1015,0.65719
-0.47089,-1.1008,0.65691
-0.47065,-1.1001,0.65664
-0.47041,-1.0994,0.65638
-0.47018,-1.0988,0.65612
-0.46995,-1.0981,0.65587
-0.46973,-1.0975,0.65562
-0.46952,-1.0968,0.65537
-0.4693,-1.0962,0.65514
-0.4691,-1.0956,0.6549
-0.46889,-1.095,0.65467
-0.4687,-1.0944,0.65445
-0.4685,-1.0938,0.65423
-0.46831,-1.0932,0.65402
-0.46812,-1.0927,0.65381
-0.46794,-1.0921,0.6536
-0.46776,-1.0916,0.6534
-0.46759,-1.0911,0.65321
-0.46742,-1.0906,0.65301
-0.46725,-1.0901,0.65283
-0.46709,-1.0896,0.65264
-0.46693,-1.0891,0.65246
-0.46677,-1.0886,0.65228
-0.46662,-1.0881,0.65211
-0.46647,-1.0877,0.65194
-0.46632,-1.0872,0.65177
-0.46618,-1.0868,0.65161
-0.46603,-1.0863,0.65145
-0.4659,-1.0859,0.65129
-0.46576,-1.0855,0.65114
-0.46563,-1.0851,0.65099
-0.4655,-1.0847,0.65085
-0.46537,-1.0843,0.6507
-0.46525,-1.0839,0.65056
-0.46512,-1.0835,0.65042
-0.46501,-1.0831,0.65029
-0.46489,-1.0828,0.65015
-0.46477,-1.0824,0.65002
-0.46466,-1.0821,0.6499
-0.46455,-1.0817,0.64977
-0.46444,-1.0814,0.64965
-0.46434,-1.081,0.64953
-0.46423,-1.0807,0.64941
-0.46413,-1.0804,0.6493
-0.46403,-1.0801,0.64918
-0.46394,-1.0798,0.64907
-0.46384,-1.0795,0.64897
-0.46375,-1.0792,0.64886
-0.46365,-1.0789,0.64876
-0.46356,-1.0786,0.64865
-0.46284,-1.0813,0.64783
-0.46211,-1.0841,0.64701
-0.4614,-1.0867,0.6462
-0.46069,-1.0893,0.6454
-0.45998,-1.0919,0.6446
-0.45928,-1.0944,0.64381
-0.45858,-1.0968,0.64303
-0.45789,-1.0993,0.64225
-0.45721,-1.1016,0.64149
-0.45653,-1.104,0.64073
-0.45586,-1.1062,0.63997
-0.45519,-1.1085,0.63923
-0.45453,-1.1107,0.63849
-0.45388,-1.1128,0.63776
-0.45323,-1.1149,0.63704
-0.45258,-1.117,0.63632
-0.45195,-1.119,0.63561
-0.45132,-1.121,0.63491
-0.45069,-1.123,0.63422
-0.45007,-1.1249,0.63353
-0.44946,-1.1268,0.63286
-0.44886,-1.1287,0.63218
-0.44826,-1.1305,0.63152
-0.44766,-1.1323,0.63087
-0.44708,-1.134,0.63022
-0.44649,-1.1357,0.62958
-0.44592,-1.1374,0.62894
-0.44535,-1.1391,0.62832
-0.44479,-1.1407,0.6277
-0.44423,-1.1423,0.62709
-0.44368,-1.1438,0.62648
-0.44314,-1.1454,0.62589
-0.4426,-1.1469,0.6253
-0.44207,-1.1483,0.62472
-0.44155,-1.1498,0.62414
-0.44103,-1.1512,0.62357
-0.44052,-1.1526,0.62301
-0.44001,-1.1539,0.62246
-0.43951,-1.1553,0.62191
-0.43902,-1.1566,0.62137
-0.43853,-1.1579,0.62084
-0.43805,-1.1591,0.62032
-0.43758,-1.1604,0.6198
-0.43711,-1.1616,0.61929
-0.43664,-1.1628,0.61878
-0.43619,-1.164,0.61829
-0.43574,-1.1651,0.61779
-0.43529,-1.1662,0.61731
-0.43485,-1.1673,0.61683
-0.43442,-1.1684,0.61636
-0.43399,-1.1695,0.6159
-0.43357,-1.1705,0.61544
-0.43315,-1.1716,0.61499
-0.43274,-1.1726,0.61454
-0.43234,-1.1736,0.6141
-0.43194,-1.1745,0.61367
-0.43155,-1.1755,0.61324
-0.43116,-1.1764,0.61282
-0.43078,-1.1773,0.61241
-0.4304,-1.1782,0.612
-0.43003,-1.1791,0.6116
-0.42966,-1.18,0.6112
-0.4293,-1.1808,0.61081
-0.42894,-1.1816,0.61043
-0.42859,-1.1824,0.61005
-0.42825,-1.1832,0.60968
-0.42791,-1.184,0.60931
-0.42757,-1.1848,0.60895
-0.42724,-1.1856,0.60859
-0.42692,-1.1863,0.60824
-0.42659,-1.187,0.60789
-0.42628,-1.1877,0.60755
-0.42597,-1.1884,0.60722
-0.42566,-1.1891,0.60689
-0.42536,-1.1898,0.60656
-0.42506,-1.1905,0.60624
-0.42477,-1.1911,0.60593
-0.42448,-1.1917,0.60562
-0.4242,-1.1924,0.60531
-0.42392,-1.193,0.60501
-0.42365,-1.1936,0.60472
-0.42338,-1.1942,0.60442
-0.42311,-1.1947,0.60414
-0.42285,-1.1953,0.60386
-0.42259,-1.1959,0.60358
-0.42234,-1.1964,0.60331
-0.42209,-1.1969,0.60304
-0.42184,-1.1975,0.60278
-0.4216,-1.198,0.60252
-0.42136,-1.1985,0.60226
-0.42113,-1.199,0.60201
-0.4209,-1.1995,0.60176
-0.42067,-1.2,0.60152
-0.42045,-1.2004,0.60128
-0.42023,-1.2009,0.60105
-0.42001,-1.2013,0.60081
-0.4198,-1.2018,0.60059
-0.41959,-1.2022,0.60036
-0.41939,-1.2026,0.60014
-0.41919,-1.203,0.59993
-0.41899,-1.2035,0.59971
-0.41879,-1.2039,0.59951
-0.4186,-1.2043,0.5993
-0.41841,-1.2046,0.5991
-0.41823,-1.205,0.5989
-0.41804,-1.2054,0.5987
-0.41787,-1.2058,0.59851
-0.41769,-1.2061,0.59832
-0.41752,-1.2065,0.59814
-0.41735,-1.2068,0.59796
-0.41718,-1.2072,0.59778
-0.41701,-1.2075,0.5976
-0.41685,-1.2078,0.59743
-0.41669,-1.2081,0.59726
-0.41654,-1.2084,0.59709
-0.41638,-1.2088,0.59693
-0.41623,-1.2091,0.59677
-0.41608,-1.2094,0.59661
-0.41594,-1.2096,0.59645
-0.4158,-1.2099,0.5963
-0.41565,-1.2102,0.59615
-0.41552,-1.2105,0.596
-0.41538,-1.2108,0.59585
-0.41525,-1.211,0.59571
-0.41512,-1.2113,0.59557
-0.41499,-1.2115,0.59543
-0.41486,-1.2118,0.5953
-0.41473,-1.212,0.59517
-0.41461,-1.2123,0.59503
-0.41449,-1.2125,0.59491
-0.41437,-1.2127,0.59478
-0.41426,-1.213,0.59466
-0.41414,-1.2132,0.59454
-0.41403,-1.2134,0.59442
-0.41392,-1.2136,0.5943
-0.41381,-1.2138,0.59418
-0.41371,-1.214,0.59407
-0.4136,-1.2142,0.59396
-0.4135,-1.2144,0.59385
-0.4134,-1.2146,0.59374
-0.4133,-1.2148,0.59364
-0.41321,-1.215,0.59353
-0.41311,-1.2152,0.59343
-0.41302,-1.2154,0.59333
-0.41292,-1.2155,0.59323
-0.41283,-1.2157,0.59314
-0.41275,-1.2159,0.59304
-0.41266,-1.2161,0.59295
-0.41257,-1.2162,0.59286
-0.41249,-1.2164,0.59277
-0.41241,-1.2165,0.59268
-0.41233,-1.2167,0.59259
-0.41225,-1.2168,0.59251
-0.41217,-1.217,0.59243
-0.41209,-1.2171,0.59234
-0.41202,-1.2173,0.59226
-0.41194,-1.2174,0.59219
-0.41187,-1.2176,0.59211
-0.4118,-1.2177,0.59203
-0.41173,-1.2178,0.59196
-0.41166,-1.218,0.59188
-0.41159,-1.2181,0.59181
-0.41153,-1.2182,0.59174
-0.41146,-1.2183,0.59167
-0.4114,-1.2185,0.5916
-0.41133,-1.2186,0.59154
-0.41127,-1.2187,0.59147
-0.41121,-1.2188,0.59141
-0.41115,-1.2189,0.59134
-0.41109,-1.219,0.59128
-0.41104,-1.2191,0.59122
-0.41098,-1.2192,0.59116
-0.41093,-1.2194,0.5911
-0.41087,-1.2195,0.59105
-0.41082,-1.2196,0.59099
-0.41077,-1.2197,0.59093
-0.41072,-1.2197,0.59088
-0.41066,-1.2198,0.59083
-0.41062,-1.2199,0.59077
-0.41057,-1.22,0.59072
-0.41052,-1.2201,0.59067
-0.41047,-1.2202,0.59062
-0.41043,-1.2203,0.59057
-0.41038,-1.2204,0.59052
-0.41034,-1.2205,0.59048
-0.41029,-1.2205,0.59043
-0.41025,-1.2206,0.59039
-0.41021,-1.2207,0.59034
-0.41017,-1.2208,0.5903
-0.41013,-1.2208,0.59025
-0.41009,-1.2209,0.59021
-0.41005,-1.221,0.59017
-0.41001,-1.2211,0.59013
-0.40998,-1.2211,0.59009
-0.40994,-1.2212,0.59005
-0.4099,-1.2213,0.59001
-0.40987,-1.2213,0.58998
-0.40983,-1.2214,0.58994
-0.4098,-1.2215,0.5899
-0.40977,-1.2215,0.58987
-0.40973,-1.2216,0.58983
-0.4097,-1.2216,0.5898
-0.40967,-1.2217,0.58976
-0.40964,-1.2218,0.58973
-0.40961,-1.2218,0.5897
-0.40958,-1.2219,0.58967
-0.40955,-1.2219,0.58964
-0.40952,-1.222,0.58961
-0.40949,-1.222,0.58958
-0.40946,-1.2221,0.58955
-0.40944,-1.2221,0.58952
-0.40941,-1.2222,0.58949
-0.40938,-1.2222,0.58946
-0.40936,-1.2223,0.58943
-0.40933,-1.2223,0.58941
-0.40931,-1.2224,0.58938
-0.40928,-1.2224,0.58935
-0.40926,-1.2225,0.58933
-0.40924,-1.2225,0.5893
-0.40921,-1.2225,0.58928
-0.40919,-1.2226,0.58926
-0.40917,-1.2226,0.58923
-0.40915,-1.2227,0.58921
-0.40913,-1.2227,0.58919
-0.4091,-1.2227,0.58916
-0.40908,-1.2228,0.58914
-0.40906,-1.2228,0.58912
-0.40904,-1.2229,0.5891
-0.40903,-1.2229,0.58908
-0.40901,-1.2229,0.58906
-0.40899,-1.223,0.58904
-0.40897,-1.223,0.58902
-0.40895,-1.223,0.589
-0.40893,-1.2231,0.58898
-0.40892,-1.2231,0.58896
-0.4089,-1.2231,0.58895
-0.40888,-1.2232,0.58893
-0.40887,-1.2232,0.58891
-0.40885,-1.2232,0.58889
-0.40883,-1.2232,0.58888
-0.40882,-1.2233,0.58886
-0.4088,-1.2233,0.58884
-0.40879,-1.2233,0.58883
-0.40877,-1.2234,0.58881
-0.40876,-1.2234,0.5888
-0.40875,-1.2234,0.58878
-0.40873,-1.2234,0.58877
-0.40872,-1.2235,0.58875
-0.40871,-1.2235,0.58874
-0.40869,-1.2235,0.58873
-0.40868,-1.2235,0.58871
-0.40867,-1.2236,0.5887
-0.40865,-1.2236,0.58869
-0.40864,-1.2236,0.58867
-0.40863,-1.2236,0.58866
-0.40862,-1.2236,0.58865
-0.40861,-1.2237,0.58864
-0.4086,-1.2237,0.58862
-0.40859,-1.2237,0.58861
-0.40857,-1.2237,0.5886
-0.40856,-1.2237,0.58859
-0.40855,-1.2238,0.58858
-0.40854,-1.2238,0.58857
-0.40853,-1.2238,0.58856
-0.40852,-1.2238,0.58855
-0.40851,-1.2238,0.58854
-0.4085,-1.2238,0.58853
-0.4085,-1.2239,0.58852
-0.40849,-1.2239,0.58851
-0.40848,-1.2239,0.5885
-0.40847,-1.2239,0.58849
-0.40846,-1.2239,0.58848
-0.40845,-1.2239,0.58847
-0.40844,-1.224,0.58846
-0.40844,-1.224,0.58845
-0.40843,-1.224,0.58844
-0.40842,-1.224,0.58844
-0.40841,-1.224,0.58843
-0.4084,-1.224,0.58842
-0.4084,-1.224,0.58841
-0.40839,-1.2241,0.5884
-0.40838,-1.2241,0.5884
-0.40838,-1.2241,0.58839
-0.40837,-1.2241,0.58838
-0.40836,-1.2241,0.58837
-0.40836,-1.2241,0.58837
-0.40835,-1.2241,0.58836
-0.40834,-1.2241,0.58835
-0.40834,-1.2242,0.58835
-0.40833,-1.2242,0.58834
-0.40832,-1.2242,0.58833
-0.40832,-1.2242,0.58833
-0.40831,-1.2242,0.58832
-0.40831,-1.2242,0.58832
-0.4083,-1.2242,0.58831
-0.4083,-1.2242,0.5883
-0.40829,-1.2242,0.5883
-0.40829,-1.2243,0.58829
-0.40828,-1.2243,0.58829
-0.40828,-1.2243,0.58828
-0.40827,-1.2243,0.58828
-0.40827,-1.2243,0.58827
-0.40826,-1.2243,0.58827
-0.40826,-1.2243,0.58826
-0.40825,-1.2243,0.58826
-0.40825,-1.2243,0.58825
-0.40824,-1.2243,0.58825
-0.40824,-1.2243,0.58824
-0.40823,-1.2243,0.58824
-0.40823,-1.2244,0.58823
-0.40823,-1.2244,0.58823
-0.40822,-1.2244,0.58823
-0.40822,-1.2244,0.58822
-0.40821,-1.2244,0.58822
-0.40821,-1.2244,0.58821
-0.40821,-1.2244,0.58821
-0.4082,-1.2244,0.58821
-0.4082,-1.2244,0.5882
-0.4082,-1.2244,0.5882
-0.40819,-1.2244,0.58819
-0.40819,-1.2244,0.58819
-0.40819,-1.2244,0.58819
-0.40818,-1.2244,0.58818
-0.40818,-1.2244,0.58818
-0.40818,-1.2245,0.58818
-0.40817,-1.2245,0.58817
-0.40817,-1.2245,0.58817
-0.40817,-1.2245,0.58817
-0.40816,-1.2245,0.58816
-0.40816,-1.2245,0.58816
-0.40816,-1.2245,0.58816
-0.40816,-1.2245,0.58815
-0.40815,-1.2245,0.58815
-0.40815,-1.2245,0.58815
-0.40815,-1.2245,0.58815
-0.40814,-1.2245,0.58814
-0.40814,-1.2245,0.58814
-0.40814,-1.2245,0.58814
-0.40814,-1.2245,0.58814
-0.40813,-1.2245,0.58813
-0.40813,-1.2245,0.58813
-0.40813,-1.2245,0.58813
-0.40813,-1.2245,0.58813
-0.40813,-1.2245,0.58812
-0.40812,-1.2245,0.58812
-0.40812,-1.2245,0.58812
-0.40812,-1.2246,0.58812
-0.40812,-1.2246,0.58811
-0.40812,-1.2246,0.58811
-0.40811,-1.2246,0.58811
-0.40811,-1.2246,0.58811
-0.40811,-1.2246,0.58811
-0.40811,-1.2246,0.5881
-0.40811,-1.2246,0.5881
-0.4081,-1.2246,0.5881
-0.4081,-1.2246,0.5881
-0.4081,-1.2246,0.5881
-0.4081,-1.2246,0.5881
-0.4081,-1.2246,0.58809
-0.4081,-1.2246,0.58809
-0.40809,-1.2246,0.58809
-0.40809,-1.2246,0.58809
-0.40809,-1.2246,0.58809
-0.40809,-1.2246,0.58809
-0.40809,-1.2246,0.58808
-0.40809,-1.2246,0.58808
-0.40809,-1.2246,0.58808
-0.40808,-1.2246,0.58808
-0.40808,-1.2246,0.58808
-0.40521,-1.2225,0.58502
-0.40243,-1.2204,0.58206
-0.39973,-1.2184,0.57919
-0.39711,-1.2164,0.5764
-0.39457,-1.2145,0.57369
-0.39211,-1.2125,0.57106
-0.38972,-1.2106,0.56851
-0.3874,-1.2088,0.56603
-0.38514,-1.2069,0.56362
-0.38296,-1.2051,0.56127
-0.38083,-1.2034,0.55899
-0.37876,-1.2017,0.55678
-0.37675,-1.2,0.55462
-0.3748,-1.1983,0.55253
-0.3729,-1.1966,0.55049
-0.37105,-1.195,0.5485
-0.36926,-1.1935,0.54657
-0.36751,-1.1919,0.54469
-0.36581,-1.1904,0.54286
-0.36416,-1.1889,0.54108
-0.36255,-1.1874,0.53934
-0.36098,-1.186,0.53765
-0.35945,-1.1845,0.536
-0.35796,-1.1831,0.5344
-0.35652,-1.1818,0.53283
-0.3551,-1.1804,0.53131
-0.35373,-1.1791,0.52982
-0.35239,-1.1778,0.52837
-0.35108,-1.1766,0.52696
-0.34981,-1.1753,0.52558
-0.34857,-1.1741,0.52423
-0.34736,-1.1729,0.52292
-0.34618,-1.1717,0.52164
-0.34503,-1.1705,0.52039
-0.34391,-1.1694,0.51917
-0.34495,-1.1705,0.5203
-0.34597,-1.1715,0.52142
-0.34699,-1.1725,0.52251
-0.34798,-1.1735,0.5236
-0.34897,-1.1745,0.52466
-0.34994,-1.1755,0.52572
-0.3509,-1.1764,0.52675
-0.35184,-1.1773,0.52777
-0.35277,-1.1782,0.52878
-0.35369,-1.1791,0.52977
-0.35459,-1.18,0.53075
-0.35548,-1.1808,0.53171
-0.35636,-1.1817,0.53266
-0.35722,-1.1825,0.5336
-0.35808,-1.1833,0.53452
-0.35892,-1.1841,0.53543
-0.35974,-1.1849,0.53632
-0.36056,-1.1856,0.5372
-0.36136,-1.1864,0.53807
-0.36215,-1.1871,0.53892
-0.36293,-1.1878,0.53976
-0.3637,-1.1885,0.54059
-0.36446,-1.1892,0.5414
-0.3652,-1.1899,0.5422
-0.36593,-1.1906,0.54299
-0.36666,-1.1912,0.54377
-0.36737,-1.1918,0.54454
-0.36807,-1.1925,0.54529
-0.36875,-1.1931,0.54603
-0.36943,-1.1937,0.54676
-0.3701,-1.1943,0.54748
-0.37076,-1.1949,0.54818
-0.3714,-1.1954,0.54888
-0.37204,-1.196,0.54956
-0.37266,-1.1965,0.55023
-0.37328,-1.1971,0.5509
-0.37389,-1.1976,0.55155
-0.37448,-1.1981,0.55219
-0.37507,-1.1986,0.55282
-0.37565,-1.1991,0.55344
-0.37622,-1.1996,0.55405
-0.37678,-1.2001,0.55465
-0.37733,-1.2005,0.55524
-0.37787,-1.201,0.55582
-0.3784,-1.2015,0.55639
-0.37892,-1.2019,0.55695
-0.37944,-1.2023,0.5575
-0.37994,-1.2028,0.55804
-0.38044,-1.2032,0.55858
-0.38093,-1.2036,0.5591
-0.38141,-1.204,0.55962
-0.38188,-1.2044,0.56012
-0.38235,-1.2048,0.56062
-0.38281,-1.2051,0.56111
-0.38326,-1.2055,0.56159
-0.3837,-1.2059,0.56207
-0.38413,-1.2062,0.56253
-0.38456,-1.2066,0.56299
-0.38498,-1.2069,0.56344
-0.38539,-1.2073,0.56388
-0.3858,-1.2076,0.56432
-0.3862,-1.2079,0.56474
-0.38659,-1.2083,0.56516
-0.38698,-1.2086,0.56558
-0.38736,-1.2089,0.56598
-0.38773,-1.2092,0.56638
-0.3881,-1.2095,0.56677
-0.38846,-1.2098,0.56715
-0.38881,-1.21,0.56753
-0.38916,-1.2103,0.5679
-0.3895,-1.2106,0.56827
-0.38983,-1.2109,0.56863
-0.39016,-1.2111,0.56898
-0.39049,-1.2114,0.56933
-0.39081,-1.2116,0.56967
-0.39112,-1.2119,0.57
-0.39143,-1.2121,0.57033
-0.39173,-1.2124,0.57065
-0.39202,-1.2126,0.57097
-0.39232,-1.2128,0.57128
-0.3926,-1.2131,0.57158
-0.39288,-1.2133,0.57188
-0.39316,-1.2135,0.57218
-0.39343,-1.2137,0.57247
-0.3937,-1.2139,0.57275
-0.39396,-1.2141,0.57303
-0.39422,-1.2143,0.57331
-0.39447,-1.2145,0.57358
-0.39472,-1.2147,0.57384
-0.39496,-1.2149,0.5741
-0.3952,-1.2151,0.57436
-0.39544,-1.2153,0.57461
-0.39567,-1.2155,0.57485
-0.39589,-1.2156,0.5751
-0.39612,-1.2158,0.57533
-0.39634,-1.216,0.57557
-0.39655,-1.2161,0.5758
-0.39676,-1.2163,0.57602
-0.39697,-1.2165,0.57624
-0.39717,-1.2166,0.57646
-0.39737,-1.2168,0.57667
-0.39757,-1.2169,0.57688
-0.39776,-1.2171,0.57709
-0.39795,-1.2172,0.57729
-0.40084,-1.2188,0.58037
-0.4037,-1.2203,0.58341
-0.40653,-1.2218,0.58642
-0.40933,-1.2233,0.58941
-0.4121,-1.2248,0.59235
-0.41485,-1.2262,0.59527
-0.41756,-1.2276,0.59815
-0.42025,-1.2289,0.601
-0.4229,-1.2302,0.60382
-0.42553,-1.2315,0.60661
-0.42813,-1.2328,0.60936
-0.4307,-1.2341,0.61209
-0.43324,-1.2353,0.61478
-0.43575,-1.2365,0.61743
-0.43823,-1.2377,0.62006
-0.44068,-1.2388,0.62265
-0.4431,-1.2399,0.62521
-0.44549,-1.241,0.62774
-0.44785,-1.2421,0.63024
-0.45019,-1.2432,0.63271
-0.4525,-1.2442,0.63514
-0.45477,-1.2452,0.63754
-0.45702,-1.2462,0.63992
-0.45924,-1.2472,0.64226
-0.46143,-1.2482,0.64457
-0.46359,-1.2491,0.64685
-0.46573,-1.25,0.6491
-0.46783,-1.2509,0.65132
-0.46991,-1.2518,0.6535
-0.47196,-1.2526,0.65566
-0.47398,-1.2535,0.65779
-0.47598,-1.2543,0.65989
-0.47795,-1.2551,0.66196
-0.47989,-1.2559,0.664
-0.4818,-1.2567,0.66602
-0.48027,-1.2561,0.66441
-0.47877,-1.2555,0.66283
-0.47731,-1.255,0.66129
-0.47587,-1.2544,0.65978
-0.47448,-1.2539,0.65831
-0.47311,-1.2533,0.65687
-0.47177,-1.2528,0.65546
-0.47046,-1.2523,0.65408
-0.46918,-1.2518,0.65274
-0.46793,-1.2513,0.65142
-0.46671,-1.2508,0.65013
-0.46551,-1.2503,0.64887
-0.46434,-1.2498,0.64764
-0.46319,-1.2494,0.64643
-0.46207,-1.2489,0.64525
-0.46098,-1.2485,0.64409
-0.4599,-1.248,0.64296
-0.45885,-1.2476,0.64185
-0.45783,-1.2472,0.64077
-0.45682,-1.2468,0.63971
-0.45584,-1.2464,0.63867
-0.45487,-1.246,0.63766
-0.45393,-1.2456,0.63666
-0.45301,-1.2452,0.63569
-0.45211,-1.2448,0.63474
-0.45122,-1.2444,0.6338
-0.45036,-1.2441,0.63289
-0.44951,-1.2437,0.632
-0.44868,-1.2434,0.63112
-0.44787,-1.243,0.63027
-0.44708,-1.2427,0.62943
-0.4463,-1.2423,0.6286
-0.44554,-1.242,0.6278
-0.44479,-1.2417,0.62701
-0.44406,-1.2414,0.62624
-0.44335,-1.2411,0.62549
-0.44265,-1.2408,0.62475
-0.44196,-1.2405,0.62402
-0.44129,-1.2402,0.62331
-0.44063,-1.2399,0.62262
-0.43999,-1.2396,0.62193
-0.43936,-1.2393,0.62127
-0.43874,-1.2391,0.62061
-0.43814,-1.2388,0.61997
-0.43754,-1.2385,0.61935
-0.43696,-1.2383,0.61873
-0.43639,-1.238,0.61813
-0.43584,-1.2378,0.61754
-0.43529,-1.2375,0.61696
-0.43476,-1.2373,0.6164
-0.43423,-1.2371,0.61584
-0.43372,-1.2368,0.6153
-0.43322,-1.2366,0.61477
-0.43272,-1.2364,0.61424
-0.43224,-1.2362,0.61373
-0.43177,-1.2359,0.61323
-0.4313,-1.2357,0.61274
-0.43085,-1.2355,0.61226
-0.4304,-1.2353,0.61179
-0.42997,-1.2351,0.61133
-0.42954,-1.2349,0.61087
-0.42912,-1.2347,0.61043
-0.42871,-1.2346,0.60999
-0.42831,-1.2344,0.60957
-0.42791,-1.2342,0.60915
-0.42753,-1.234,0.60874
-0.42715,-1.2338,0.60834
-0.42678,-1.2337,0.60795
-0.42641,-1.2335,0.60756
-0.42606,-1.2333,0.60718
-0.42571,-1.2332,0.60681
-0.42536,-1.233,0.60645
-0.42503,-1.2329,0.60609
-0.4247,-1.2327,0.60574
-0.42438,-1.2326,0.6054
-0.42406,-1.2324,0.60507
-0.42375,-1.2323,0.60474
-0.42344,-1.2321,0.60441
-0.42315,-1.232,0.6041
-0.42285,-1.2319,0.60379
-0.42257,-1.2317,0.60349
-0.42229,-1.2316,0.60319
-0.42201,-1.2315,0.6029
-0.42174,-1.2313,0.60261
-0.42148,-1.2312,0.60233
-0.42122,-1.2311,0.60205
-0.42096,-1.231,0.60178
-0.42071,-1.2309,0.60152
-0.42047,-1.2307,0.60126
-0.42023,-1.2306,0.60101
-0.41999,-1.2305,0.60076
-0.41976,-1.2304,0.60051
-0.41954,-1.2303,0.60027
-0.41932,-1.2302,0.60004
-0.4191,-1.2301,0.59981
-0.41889,-1.23,0.59958
-0.41868,-1.2299,0.59936
-0.41847,-1.2298,0.59914
-0.41827,-1.2297,0.59893
-0.41808,-1.2296,0.59872
-0.41788,-1.2295,0.59851
-0.41769,-1.2294,0.59831
-0.41751,-1.2293,0.59812
-0.41732,-1.2293,0.59792
-0.41715,-1.2292,0.59773
-0.41697,-1.2291,0.59755
-0.4168,-1.229,0.59737
-0.41663,-1.2289,0.59719
-0.41647,-1.2289,0.59701
-0.4163,-1.2288,0.59684
-0.41615,-1.2287,0.59667
-0.41599,-1.2286,0.59651
-0.41584,-1.2286,0.59634
-0.41569,-1.2285,0.59618
-0.41554,-1.2284,0.59603
-0.4154,-1.2283,0.59588
-0.41525,-1.2283,0.59573
-0.41512,-1.2282,0.59558
-0.41498,-1.2281,0.59543
-0.41485,-1.2281,0.59529
-0.41472,-1.228,0.59515
-0.41459,-1.228,0.59502
-0.41446,-1.2279,0.59488
-0.41434,-1.2278,0.59475
-0.41422,-1.2278,0.59462
-0.4141,-1.2277,0.5945
-0.41398,-1.2277,0.59438
-0.41387,-1.2276,0.59425
-0.41376,-1.2276,0.59414
-0.41365,-1.2275,0.59402
-0.41354,-1.2275,0.5939
-0.41343,-1.2274,0.59379
-0.41333,-1.2273,0.59368
-0.41323,-1.2273,0.59357
-0.41313,-1.2273,0.59347
-0.41303,-1.2272,0.59336
-0.41294,-1.2272,0.59326
-0.41284,-1.2271,0.59316
-0.41275,-1.2271,0.59306
-0.41266,-1.227,0.59297
-0.41257,-1.227,0.59287
-0.41248,-1.2269,0.59278
-0.4124,-1.2269,0.59269
-0.41231,-1.2269,0.5926
-0.41223,-1.2268,0.59251
-0.41215,-1.2268,0.59243
-0.41207,-1.2267,0.59235
-0.41199,-1.2267,0.59226
-0.41192,-1.2267,0.59218
-0.41184,-1.2266,0.5921
-0.41177,-1.2266,0.59203
-0.4117,-1.2266,0.59195
-0.41163,-1.2265,0.59187
-0.41156,-1.2265,0.5918
-0.41149,-1.2265,0.59173
-0.41142,-1.2264,0.59166
-0.41136,-1.2264,0.59159
-0.4113,-1.2264,0.59152
-0.41123,-1.2263,0.59145
-0.41117,-1.2263,0.59139
-0.41111,-1.2263,0.59132
-0.41105,-1.2262,0.59126
-0.41099,-1.2262,0.5912
-0.41094,-1.2262,0.59114
-0.41088,-1.2262,0.59108
-0.41483,-1.2252,0.59528
-0.41869,-1.2243,0.59938
-0.42246,-1.2234,0.60338
-0.42613,-1.2225,0.60729
-0.42972,-1.2216,0.61111
-0.43322,-1.2207,0.61483
-0.43663,-1.2198,0.61847
-0.43997,-1.219,0.62203
-0.44323,-1.2181,0.6255
-0.44641,-1.2173,0.62889
-0.44951,-1.2165,0.6322
-0.45255,-1.2157,0.63543
-0.45551,-1.2149,0.63859
-0.4584,-1.2141,0.64168
-0.46123,-1.2133,0.64469
-0.46399,-1.2126,0.64764
-0.46669,-1.2118,0.65052
-0.46932,-1.2111,0.65334
-0.4719,-1.2104,0.65609
-0.47441,-1.2097,0.65878
-0.47687,-1.209,0.66141
-0.47927,-1.2083,0.66398
-0.48162,-1.2076,0.66649
-0.48392,-1.2069,0.66895
-0.48616,-1.2063,0.67135
-0.48836,-1.2056,0.6737
-0.4905,-1.205,0.67599
-0.4926,-1.2043,0.67824
-0.49465,-1.2037,0.68043
-0.49665,-1.2031,0.68258
-0.49861,-1.2025,0.68468
-0.50053,-1.2019,0.68674
-0.5024,-1.2014,0.68875
-0.50424,-1.2008,0.69071
-0.50603,-1.2002,0.69264
-0.50779,-1.1997,0.69452
-0.5095,-1.1991,0.69636
-0.51118,-1.1986,0.69816
-0.51282,-1.1981,0.69993
-0.51443,-1.1976,0.70165
-0.516,-1.1971,0.70334
-0.51754,-1.1966,0.70499
-0.51904,-1.1961,0.70661
-0.52052,-1.1956,0.70819
-0.52196,-1.1951,0.70974
-0.52337,-1.1947,0.71126
-0.52475,-1.1942,0.71274
-0.5261,-1.1938,0.7142
-0.52742,-1.1933,0.71562
-0.52872,-1.1929,0.71701
-0.52998,-1.1925,0.71837
-0.53122,-1.192,0.71971
-0.53244,-1.1916,0.72102
-0.53363,-1.1912,0.72229
-0.53479,-1.1908,0.72355
-0.53593,-1.1904,0.72477
-0.53705,-1.1901,0.72598
-0.53814,-1.1897,0.72715
-0.53921,-1.1893,0.72831
-0.54026,-1.189,0.72943
-0.54128,-1.1886,0.73054
-0.54229,-1.1883,0.73162
-0.54327,-1.1879,0.73268
-0.54423,-1.1876,0.73372
-0.54815,-1.1885,0.73795
-0.55202,-1.1893,0.74212
-0.55583,-1.1902,0.74622
-0.55959,-1.191,0.75027
-0.56329,-1.1918,0.75425
-0.56694,-1.1925,0.75818
-0.57053,-1.1933,0.76205
-0.57407,-1.194,0.76585
-0.57756,-1.1947,0.7696
-0.581,-1.1954,0.7733
-0.58438,-1.1961,0.77693
-0.58771,-1.1968,0.78052
-0.591,-1.1974,0.78404
-0.59423,-1.1981,0.78751
-0.59741,-1.1987,0.79093
-0.60054,-1.1993,0.79429
-0.60362,-1.1999,0.7976
-0.60666,-1.2004,0.80085
-0.60965,-1.201,0.80406
-0.61258,-1.2015,0.80721
-0.61548,-1.2021,0.81031
-0.61832,-1.2026,0.81336
-0.62113,-1.2031,0.81636
-0.62388,-1.2036,0.81932
-0.62659,-1.204,0.82222
-0.62926,-1.2045,0.82508
-0.63188,-1.205,0.82789
-0.63446,-1.2054,0.83065
-0.637,-1.2058,0.83337
-0.6395,-1.2063,0.83604
-0.64195,-1.2067,0.83867
-0.64437,-1.2071,0.84125
-0.64674,-1.2075,0.84379
-0.64908,-1.2079,0.84629
-0.65137,-1.2082,0.84874
-0.65363,-1.2086,0.85116
-0.65585,-1.2089,0.85353
-0.65803,-1.2093,0.85586
-0.66017,-1.2096,0.85816
-0.66228,-1.21,0.86041
-0.66436,-1.2103,0.86262
-0.66639,-1.2106,0.8648
-0.66839,-1.2109,0.86694
-0.67036,-1.2112,0.86904
-0.6723,-1.2115,0.87111
-0.6742,-1.2118,0.87314
-0.67606,-1.2121,0.87513
-0.6779,-1.2123,0.87709
-0.6797,-1.2126,0.87902
-0.68148,-1.2129,0.88091
-0.68322,-1.2131,0.88277
-0.68493,-1.2134,0.8846
-0.68661,-1.2136,0.88639
-0.68826,-1.2139,0.88815
-0.68988,-1.2141,0.88989
-0.69148,-1.2143,0.89159
-0.69304,-1.2145,0.89326
-0.69458,-1.2147,0.8949
-0.69609,-1.215,0.89651
-0.69758,-1.2152,0.8981
-0.69904,-1.2154,0.89965
-0.70047,-1.2156,0.90118
-0.70188,-1.2158,0.90268
-0.69653,-1.2162,0.89698
-0.69126,-1.2167,0.89137
-0.68609,-1.2171,0.88585
-0.68099,-1.2175,0.88042
-0.67599,-1.2179,0.87508
-0.67106,-1.2182,0.86983
-0.66622,-1.2186,0.86467
-0.66146,-1.2189,0.8596
-0.65678,-1.2193,0.85462
-0.65218,-1.2196,0.84971
-0.64765,-1.2199,0.8449
-0.64321,-1.2202,0.84016
-0.63884,-1.2204,0.83551
-0.63455,-1.2207,0.83094
-0.63033,-1.2209,0.82645
-0.62618,-1.2212,0.82204
-0.62211,-1.2214,0.8177
-0.61811,-1.2216,0.81344
-0.61417,-1.2218,0.80926
-0.61031,-1.222,0.80515
-0.60652,-1.2222,0.80111
-0.60279,-1.2224,0.79715
-0.59913,-1.2226,0.79325
-0.59554,-1.2227,0.78943
-0.59201,-1.2229,0.78567
-0.58854,-1.2231,0.78198
-0.58513,-1.2232,0.77836
-0.58179,-1.2233,0.77481
-0.57851,-1.2235,0.77132
-0.57528,-1.2236,0.76789
-0.57212,-1.2237,0.76452
-0.56901,-1.2238,0.76122
-0.56596,-1.2239,0.75797
-0.56296,-1.224,0.75479
-0.56002,-1.2241,0.75166
-0.55714,-1.2242,0.74859
-0.5543,-1.2243,0.74558
-0.55152,-1.2244,0.74262
-0.54879,-1.2245,0.73972
-0.54611,-1.2245,0.73687
-0.54348,-1.2246,0.73407
-0.54089,-1.2247,0.73132
-0.53836,-1.2247,0.72863
-0.53587,-1.2248,0.72598
-0.53343,-1.2248,0.72339
-0.53103,-1.2249,0.72084
-0.52868,-1.2249,0.71834
-0.52637,-1.225,0.71589
-0.52411,-1.225,0.71348
-0.52188,-1.2251,0.71112
-0.5197,-1.2251,0.7088
-0.51756,-1.2251,0.70652
-0.51546,-1.2252,0.70429
-0.5134,-1.2252,0.70209
-0.51137,-1.2252,0.69994
-0.50939,-1.2253,0.69783
-0.50744,-1.2253,0.69576
-0.50552,-1.2253,0.69373
-0.50365,-1.2253,0.69173
-0.50163,-1.2247,0.68959
-0.49966,-1.2241,0.6875
-0.49774,-1.2235,0.68545
-0.49586,-1.2229,0.68345
-0.49401,-1.2223,0.68149
-0.49222,-1.2217,0.67958
-0.49046,-1.2211,0.6777
-0.48874,-1.2205,0.67587
-0.48705,-1.22,0.67408
-0.48541,-1.2194,0.67233
-0.4838,-1.2189,0.67061
-0.48222,-1.2184,0.66894
-0.48068,-1.2179,0.66729
-0.47918,-1.2173,0.66569
-0.4777,-1.2168,0.66412
-0.47626,-1.2163,0.66258
-0.47485,-1.2159,0.66108
-0.47347,-1.2154,0.6596
-0.47212,-1.2149,0.65816
-0.4708,-1.2145,0.65675
-0.4695,-1.214,0.65537
-0.46824,-1.2136,0.65402
-0.467,-1.2131,0.6527
-0.46579,-1.2127,0.65141
-0.4646,-1.2123,0.65014
-0.46344,-1.2119,0.6489
-0.4623,-1.2115,0.64768
-0.46119,-1.2111,0.64649
-0.4601,-1.2107,0.64533
-0.45903,-1.2103,0.64419
-0.45799,-1.2099,0.64307
-0.45697,-1.2095,0.64198
-0.45597,-1.2092,0.64091
-0.45499,-1.2088,0.63986
-0.45403,-1.2085,0.63884
-0.45309,-1.2081,0.63783
-0.45217,-1.2078,0.63685
-0.45127,-1.2075,0.63588
-0.45038,-1.2071,0.63494
-0.44952,-1.2068,0.63402
-0.44867,-1.2065,0.63311
-0.44784,-1.2062,0.63222
-0.44703,-1.2059,0.63135
-0.44624,-1.2056,0.6305
-0.44546,-1.2053,0.62967
-0.44469,-1.205,0.62885
-0.44395,-1.2047,0.62805
-0.44321,-1.2044,0.62727
-0.4425,-1.2042,0.6265
-0.44179,-1.2039,0.62574
-0.44111,-1.2036,0.62501
-0.44043,-1.2034,0.62428
-0.43977,-1.2031,0.62358
-0.43912,-1.2029,0.62288
-0.43849,-1.2026,0.6222
-0.43787,-1.2024,0.62154
-0.43726,-1.2022,0.62088
-0.43666,-1.2019,0.62024
-0.43608,-1.2017,0.61962
-0.4355,-1.2015,0.619
-0.43494,-1.2013,0.6184
-0.43439,-1.2011,0.61781
-0.43385,-1.2008,0.61723
-0.43332,-1.2006,0.61666
-0.43281,-1.2004,0.61611
-0.4323,-1.2002,0.61556
-0.4318,-1.2,0.61503
-0.43131,-1.1999,0.61451
-0.43084,-1.1997,0.614
-0.43037,-1.1995,0.61349
-0.42991,-1.1993,0.613
-0.42946,-1.1991,0.61252
-0.42902,-1.1989,0.61204
-0.42858,-1.1988,0.61158
-0.42816,-1.1986,0.61112
-0.42775,-1.1984,0.61068
-0.42734,-1.1983,0.61024
-0.42694,-1.1981,0.60981
-0.42655,-1.198,0.60939
-0.42616,-1.1978,0.60898
-0.42579,-1.1977,0.60858
-0.42542,-1.1975,0.60818
-0.42506,-1.1974,0.60779
-0.4247,-1.1972,0.60741
-0.42436,-1.1971,0.60704
-0.42402,-1.1969,0.60667
-0.42368,-1.1968,0.60632
-0.4196,-1.1983,0.60193
-0.41555,-1.1997,0.59759
-0.41156,-1.2012,0.5933
-0.4076,-1.2026,0.58906
-0.40369,-1.2039,0.58487
-0.39983,-1.2052,0.58073
-0.39601,-1.2065,0.57664
-0.39223,-1.2078,0.5726
-0.3885,-1.209,0.56861
-0.38482,-1.2102,0.56467
-0.38117,-1.2114,0.56078
-0.37758,-1.2126,0.55694
-0.37403,-1.2137,0.55315
-0.37052,-1.2148,0.54941
-0.36705,-1.2158,0.54571
-0.36364,-1.2169,0.54207
-0.36026,-1.2179,0.53847
-0.35693,-1.2189,0.53492
-0.35364,-1.2199,0.53142
-0.3504,-1.2209,0.52796
-0.3472,-1.2218,0.52456
-0.34404,-1.2227,0.5212
-0.34093,-1.2236,0.51789
-0.33785,-1.2245,0.51462
-0.33482,-1.2253,0.5114
-0.33184,-1.2262,0.50823
-0.32889,-1.227,0.5051
-0.32599,-1.2278,0.50201
-0.32313,-1.2286,0.49897
-0.32722,-1.23,0.50331
-0.33126,-1.2314,0.50761
-0.33527,-1.2328,0.51186
-0.33923,-1.2342,0.51605
-0.34315,-1.2355,0.52021
-0.34703,-1.2368,0.52431
-0.35086,-1.238,0.52837
-0.35466,-1.2393,0.53238
-0.3584,-1.2405,0.53634
-0.36211,-1.2417,0.54026
-0.36577,-1.2428,0.54413
-0.36939,-1.2439,0.54795
-0.37296,-1.245,0.55172
-0.3765,-1.2461,0.55545
-0.37999,-1.2472,0.55913
-0.38343,-1.2482,0.56277
-0.38683,-1.2492,0.56635
-0.39019,-1.2502,0.56989
-0.39351,-1.2511,0.57339
-0.39678,-1.2521,0.57684
-0.40002,-1.253,0.58024
-0.40321,-1.2539,0.5836
-0.40635,-1.2548,0.58691
-0.40946,-1.2556,0.59017
-0.41252,-1.2564,0.5934
-0.41554,-1.2573,0.59657
-0.41852,-1.2581,0.59971
-0.42146,-1.2588,0.6028
-0.42436,-1.2596,0.60584
-0.42397,-1.2583,0.60543
-0.4236,-1.257,0.60504
-0.42323,-1.2557,0.60465
-0.42287,-1.2545,0.60428
-0.42253,-1.2533,0.60391
-0.42219,-1.2521,0.60355
-0.42186,-1.2509,0.60321
-0.42154,-1.2498,0.60287
-0.42123,-1.2486,0.60254
-0.42092,-1.2475,0.60222
-0.42062,-1.2464,0.60191
