Timestamp,AccelX,AccelY,AccelZ,MagX,MagY,MagZ,GyroX,GyroY,GyroZ
20170214173308246,-1,0,0.1,0,0,0,0,0,0
20170214173308247,-1,0,0.1,0,0,0,0,0,0
20170214173308247,-1,0,0.1,0,0,0,0,0,0
20170214173308247,-1,0,0.1,0,0,0,0,0,0
20170214173308247,-1,0,0.1,0,0,0,0,0,0
20170214173308247,-1,0,0.1,0,0,0,0,0,0
20170214173308247,-1,0,0.1,0,0,0,0,0,0
20170214173308247,-1,0,0.1,0,0,0,0,0,0
20170214173308248,-1,0,0.1,0,0,0,0,0,0
20170214173309239,-1,0.1,0.1,-8.2,-4.6,-99.5,1.9,0.8,-3
20170214173309239,-1,0.1,0.1,-8.2,-4.6,-99.5,1.9,0.8,-3
20170214173309239,-1,0.1,0.1,-8.2,-4.6,-99.5,1.9,0.8,-3
20170214173309239,-1,0.1,0.1,-8.2,-4.6,-99.5,1.9,0.8,-3
20170214173309239,-1,0.1,0.1,-8.2,-4.6,-99.5,1.9,0.8,-3
20170214173309239,-1,0.1,0.1,-8.2,-4.6,-99.5,1.9,0.8,-3
20170214173309239,-1,0.1,0.1,-8.2,-4.6,-99.5,1.9,0.8,-3
20170214173309239,-1,0.1,0.1,-8.2,-4.6,-99.5,1.9,0.8,-3
20170214173309239,-1,0.1,0.1,-8.2,-4.6,-99.5,1.9,0.8,-3
20170214173310232,-1.1,0,0.1,-7.3,-4.9,-100.7,-0.2,1.2,-4.4
20170214173310232,-1.1,0,0.1,-7.3,-4.9,-100.7,-0.2,1.2,-4.4
20170214173310232,-1.1,0,0.1,-7.3,-4.9,-100.7,-0.2,1.2,-4.4
20170214173310233,-1.1,0,0.1,-7.3,-4.9,-100.7,-0.2,1.2,-4.4
20170214173310233,-1.1,0,0.1,-7.3,-4.9,-100.7,-0.2,1.2,-4.4
20170214173310233,-1.1,0,0.1,-7.3,-4.9,-100.7,-0.2,1.2,-4.4
20170214173310233,-1.1,0,0.1,-7.3,-4.9,-100.7,-0.2,1.2,-4.4
20170214173310233,-1.1,0,0.1,-7.3,-4.9,-100.7,-0.2,1.2,-4.4
20170214173310233,-1.1,0,0.1,-7.3,-4.9,-100.7,-0.2,1.2,-4.4
20170214173311226,-1,0,0,-6.3,-3.7,-101.5,-0.1,1.6,-3.4
20170214173311226,-1,0,0,-6.3,-3.7,-101.5,-0.1,1.6,-3.4
20170214173311226,-1,0,0,-6.3,-3.7,-101.5,-0.1,1.6,-3.4
20170214173311226,-1,0,0,-6.3,-3.7,-101.5,-0.1,1.6,-3.4
20170214173311226,-1,0,0,-6.3,-3.7,-101.5,-0.1,1.6,-3.4
20170214173311226,-1,0,0,-6.3,-3.7,-101.5,-0.1,1.6,-3.4
20170214173311226,-1,0,0,-6.3,-3.7,-101.5,-0.1,1.6,-3.4
20170214173311226,-1,0,0,-6.3,-3.7,-101.5,-0.1,1.6,-3.4
20170214173311227,-1,0,0,-6.3,-3.7,-101.5,-0.1,1.6,-3.4
20170214173312220,-1,0.1,0.1,-8.8,-3.3,-102.4,1.4,0.8,-4.9
20170214173312220,-1,0.1,0.1,-8.8,-3.3,-102.4,1.4,0.8,-4.9
20170214173312220,-1,0.1,0.1,-8.8,-3.3,-102.4,1.4,0.8,-4.9
20170214173312220,-1,0.1,0.1,-8.8,-3.3,-102.4,1.4,0.8,-4.9
20170214173312220,-1,0.1,0.1,-8.8,-3.3,-102.4,1.4,0.8,-4.9
20170214173312220,-1,0.1,0.1,-8.8,-3.3,-102.4,1.4,0.8,-4.9
20170214173312220,-1,0.1,0.1,-8.8,-3.3,-102.4,1.4,0.8,-4.9
20170214173312220,-1,0.1,0.1,-8.8,-3.3,-102.4,1.4,0.8,-4.9
20170214173312220,-1,0.1,0.1,-8.8,-3.3,-102.4,1.4,0.8,-4.9
20170214173313214,-1,0.1,0,-8.1,-3.7,-100.7,1.7,2.9,-4.3
20170214173313214,-1,0.1,0,-8.1,-3.7,-100.7,1.7,2.9,-4.3
20170214173313214,-1,0.1,0,-8.1,-3.7,-100.7,1.7,2.9,-4.3
20170214173313214,-1,0.1,0,-8.1,-3.7,-100.7,1.7,2.9,-4.3
20170214173313214,-1,0.1,0,-8.1,-3.7,-100.7,1.7,2.9,-4.3
20170214173313214,-1,0.1,0,-8.1,-3.7,-100.7,1.7,2.9,-4.3
20170214173313214,-1,0.1,0,-8.1,-3.7,-100.7,1.7,2.9,-4.3
20170214173313214,-1,0.1,0,-8.1,-3.7,-100.7,1.7,2.9,-4.3
20170214173313214,-1,0.1,0,-8.1,-3.7,-100.7,1.7,2.9,-4.3
20170214173314207,-1,0,0.1,-7.6,-3.1,-99.4,2.5,0.3,-5.1
20170214173314207,-1,0,0.1,-7.6,-3.1,-99.4,2.5,0.3,-5.1
20170214173314208,-1,0,0.1,-7.6,-3.1,-99.4,2.5,0.3,-5.1
20170214173314208,-1,0,0.1,-7.6,-3.1,-99.4,2.5,0.3,-5.1
20170214173314208,-1,0,0.1,-7.6,-3.1,-99.4,2.5,0.3,-5.1
20170214173314208,-1,0,0.1,-7.6,-3.1,-99.4,2.5,0.3,-5.1
20170214173314208,-1,0,0.1,-7.6,-3.1,-99.4,2.5,0.3,-5.1
20170214173314208,-1,0,0.1,-7.6,-3.1,-99.4,2.5,0.3,-5.1
20170214173314208,-1,0,0.1,-7.6,-3.1,-99.4,2.5,0.3,-5.1
20170214173315202,-1,0,0,-7.6,-4.5,-100.7,2.8,1.7,-4
20170214173315202,-1,0,0,-7.6,-4.5,-100.7,2.8,1.7,-4
20170214173315202,-1,0,0,-7.6,-4.5,-100.7,2.8,1.7,-4
20170214173315202,-1,0,0,-7.6,-4.5,-100.7,2.8,1.7,-4
20170214173315202,-1,0,0,-7.6,-4.5,-100.7,2.8,1.7,-4
20170214173315202,-1,0,0,-7.6,-4.5,-100.7,2.8,1.7,-4
20170214173315202,-1,0,0,-7.6,-4.5,-100.7,2.8,1.7,-4
20170214173315202,-1,0,0,-7.6,-4.5,-100.7,2.8,1.7,-4
20170214173315202,-1,0,0,-7.6,-4.5,-100.7,2.8,1.7,-4
20170214173316197,-0.9,0,0,-8.8,-4,-100.3,1.1,0.6,-4.9
20170214173316197,-0.9,0,0,-8.8,-4,-100.3,1.1,0.6,-4.9
20170214173316197,-0.9,0,0,-8.8,-4,-100.3,1.1,0.6,-4.9
20170214173316197,-0.9,0,0,-8.8,-4,-100.3,1.1,0.6,-4.9
20170214173316197,-0.9,0,0,-8.8,-4,-100.3,1.1,0.6,-4.9
20170214173316197,-0.9,0,0,-8.8,-4,-100.3,1.1,0.6,-4.9
20170214173316197,-0.9,0,0,-8.8,-4,-100.3,1.1,0.6,-4.9
20170214173316197,-0.9,0,0,-8.8,-4,-100.3,1.1,0.6,-4.9
20170214173316197,-0.9,0,0,-8.8,-4,-100.3,1.1,0.6,-4.9
20170214173317189,-1,0,0,-6.7,-6.9,-100.3,1.3,0.9,-1.3
20170214173317190,-1,0,0,-6.7,-6.9,-100.3,1.3,0.9,-1.3
20170214173317190,-1,0,0,-6.7,-6.9,-100.3,1.3,0.9,-1.3
20170214173317190,-1,0,0,-6.7,-6.9,-100.3,1.3,0.9,-1.3
20170214173317190,-1,0,0,-6.7,-6.9,-100.3,1.3,0.9,-1.3
20170214173317190,-1,0,0,-6.7,-6.9,-100.3,1.3,0.9,-1.3
20170214173317190,-1,0,0,-6.7,-6.9,-100.3,1.3,0.9,-1.3
20170214173317190,-1,0,0,-6.7,-6.9,-100.3,1.3,0.9,-1.3
20170214173317190,-1,0,0,-6.7,-6.9,-100.3,1.3,0.9,-1.3
20170214173318182,-1,0,0.1,-8.1,-3.4,-100.4,2,1.7,-4.5
20170214173318183,-1,0,0.1,-8.1,-3.4,-100.4,2,1.7,-4.5
20170214173318183,-1,0,0.1,-8.1,-3.4,-100.4,2,1.7,-4.5
20170214173318183,-1,0,0.1,-8.1,-3.4,-100.4,2,1.7,-4.5
20170214173318183,-1,0,0.1,-8.1,-3.4,-100.4,2,1.7,-4.5
20170214173318183,-1,0,0.1,-8.1,-3.4,-100.4,2,1.7,-4.5
20170214173318183,-1,0,0.1,-8.1,-3.4,-100.4,2,1.7,-4.5
20170214173318183,-1,0,0.1,-8.1,-3.4,-100.4,2,1.7,-4.5
20170214173318183,-1,0,0.1,-8.1,-3.4,-100.4,2,1.7,-4.5
20170214173319375,-1,0,0,-7.5,-3.3,-100.3,0.8,0.9,-0.8
20170214173319375,-1,0,0,-7.5,-3.3,-100.3,0.8,0.9,-0.8
20170214173319375,-1,0,0,-7.5,-3.3,-100.3,0.8,0.9,-0.8
20170214173319375,-1,0,0,-7.5,-3.3,-100.3,0.8,0.9,-0.8
20170214173319375,-1,0,0,-7.5,-3.3,-100.3,0.8,0.9,-0.8
20170214173319375,-1,0,0,-7.5,-3.3,-100.3,0.8,0.9,-0.8
20170214173319376,-1,0,0,-7.5,-3.3,-100.3,0.8,0.9,-0.8
20170214173319376,-1,0,0,-7.5,-3.3,-100.3,0.8,0.9,-0.8
20170214173319376,-1,0,0,-7.5,-3.3,-100.3,0.8,0.9,-0.8
20170214173320369,-0.9,0,0,-7.6,-2.1,-102.5,0.6,0.8,-2.9
20170214173320369,-0.9,0,0,-7.6,-2.1,-102.5,0.6,0.8,-2.9
20170214173320369,-0.9,0,0,-7.6,-2.1,-102.5,0.6,0.8,-2.9
20170214173320369,-0.9,0,0,-7.6,-2.1,-102.5,0.6,0.8,-2.9
20170214173320369,-0.9,0,0,-7.6,-2.1,-102.5,0.6,0.8,-2.9
20170214173320369,-0.9,0,0,-7.6,-2.1,-102.5,0.6,0.8,-2.9
20170214173320369,-0.9,0,0,-7.6,-2.1,-102.5,0.6,0.8,-2.9
20170214173320369,-0.9,0,0,-7.6,-2.1,-102.5,0.6,0.8,-2.9
20170214173320369,-0.9,0,0,-7.6,-2.1,-102.5,0.6,0.8,-2.9
20170214173321363,-1,0,0,-7.6,-3.1,-101.2,0.5,0.5,-4.6
20170214173321363,-1,0,0,-7.6,-3.1,-101.2,0.5,0.5,-4.6
20170214173321363,-1,0,0,-7.6,-3.1,-101.2,0.5,0.5,-4.6
20170214173321363,-1,0,0,-7.6,-3.1,-101.2,0.5,0.5,-4.6
20170214173321363,-1,0,0,-7.6,-3.1,-101.2,0.5,0.5,-4.6
20170214173321363,-1,0,0,-7.6,-3.1,-101.2,0.5,0.5,-4.6
20170214173321363,-1,0,0,-7.6,-3.1,-101.2,0.5,0.5,-4.6
20170214173321363,-1,0,0,-7.6,-3.1,-101.2,0.5,0.5,-4.6
20170214173321363,-1,0,0,-7.6,-3.1,-101.2,0.5,0.5,-4.6
20170214173322357,-1,0,0,-8.8,-3.3,-100.6,1.3,0.5,-4.9
20170214173322357,-1,0,0,-8.8,-3.3,-100.6,1.3,0.5,-4.9
20170214173322357,-1,0,0,-8.8,-3.3,-100.6,1.3,0.5,-4.9
20170214173322357,-1,0,0,-8.8,-3.3,-100.6,1.3,0.5,-4.9
20170214173322357,-1,0,0,-8.8,-3.3,-100.6,1.3,0.5,-4.9
20170214173322364,-1,0,0,-8.8,-3.3,-100.6,1.3,0.5,-4.9
20170214173322364,-1,0,0,-8.8,-3.3,-100.6,1.3,0.5,-4.9
20170214173322364,-1,0,0,-8.8,-3.3,-100.6,1.3,0.5,-4.9
20170214173322364,-1,0,0,-8.8,-3.3,-100.6,1.3,0.5,-4.9
20170214173323351,-1,0,0.1,-7.6,-3.1,-98.8,0.8,0.4,-2.9
20170214173323351,-1,0,0.1,-7.6,-3.1,-98.8,0.8,0.4,-2.9
20170214173323351,-1,0,0.1,-7.6,-3.1,-98.8,0.8,0.4,-2.9
20170214173323351,-1,0,0.1,-7.6,-3.1,-98.8,0.8,0.4,-2.9
20170214173323352,-1,0,0.1,-7.6,-3.1,-98.8,0.8,0.4,-2.9
20170214173323352,-1,0,0.1,-7.6,-3.1,-98.8,0.8,0.4,-2.9
20170214173323352,-1,0,0.1,-7.6,-3.1,-98.8,0.8,0.4,-2.9
20170214173323352,-1,0,0.1,-7.6,-3.1,-98.8,0.8,0.4,-2.9
20170214173323352,-1,0,0.1,-7.6,-3.1,-98.8,0.8,0.4,-2.9
20170214173324344,-1,0,0.1,-7.5,-4,-101.3,1.2,-0.9,-5.2
20170214173324344,-1,0,0.1,-7.5,-4,-101.3,1.2,-0.9,-5.2
20170214173324344,-1,0,0.1,-7.5,-4,-101.3,1.2,-0.9,-5.2
20170214173324344,-1,0,0.1,-7.5,-4,-101.3,1.2,-0.9,-5.2
20170214173324344,-1,0,0.1,-7.5,-4,-101.3,1.2,-0.9,-5.2
20170214173324344,-1,0,0.1,-7.5,-4,-101.3,1.2,-0.9,-5.2
20170214173324344,-1,0,0.1,-7.5,-4,-101.3,1.2,-0.9,-5.2
20170214173324344,-1,0,0.1,-7.5,-4,-101.3,1.2,-0.9,-5.2
20170214173324344,-1,0,0.1,-7.5,-4,-101.3,1.2,-0.9,-5.2
20170214173325337,-1,0,0,-7.2,-4,-102.4,2.4,0.4,-2.4
20170214173325338,-1,0,0,-7.2,-4,-102.4,2.4,0.4,-2.4
20170214173325338,-1,0,0,-7.2,-4,-102.4,2.4,0.4,-2.4
20170214173325338,-1,0,0,-7.2,-4,-102.4,2.4,0.4,-2.4
20170214173325338,-1,0,0,-7.2,-4,-102.4,2.4,0.4,-2.4
20170214173325338,-1,0,0,-7.2,-4,-102.4,2.4,0.4,-2.4
20170214173325338,-1,0,0,-7.2,-4,-102.4,2.4,0.4,-2.4
20170214173325338,-1,0,0,-7.2,-4,-102.4,2.4,0.4,-2.4
20170214173325338,-1,0,0,-7.2,-4,-102.4,2.4,0.4,-2.4
20170214173326331,-1,0,0,-8.8,-5.1,-101.3,0.6,1,-1.4
20170214173326331,-1,0,0,-8.8,-5.1,-101.3,0.6,1,-1.4
20170214173326331,-1,0,0,-8.8,-5.1,-101.3,0.6,1,-1.4
20170214173326331,-1,0,0,-8.8,-5.1,-101.3,0.6,1,-1.4
20170214173326331,-1,0,0,-8.8,-5.1,-101.3,0.6,1,-1.4
20170214173326331,-1,0,0,-8.8,-5.1,-101.3,0.6,1,-1.4
20170214173326331,-1,0,0,-8.8,-5.1,-101.3,0.6,1,-1.4
20170214173326331,-1,0,0,-8.8,-5.1,-101.3,0.6,1,-1.4
20170214173326331,-1,0,0,-8.8,-5.1,-101.3,0.6,1,-1.4
20170214173327325,-0.9,0,0,-7.8,-3.6,-100.9,3.1,0.5,-2.9
20170214173327325,-0.9,0,0,-7.8,-3.6,-100.9,3.1,0.5,-2.9
20170214173327325,-0.9,0,0,-7.8,-3.6,-100.9,3.1,0.5,-2.9
20170214173327325,-0.9,0,0,-7.8,-3.6,-100.9,3.1,0.5,-2.9
20170214173327325,-0.9,0,0,-7.8,-3.6,-100.9,3.1,0.5,-2.9
20170214173327325,-0.9,0,0,-7.8,-3.6,-100.9,3.1,0.5,-2.9
20170214173327325,-0.9,0,0,-7.8,-3.6,-100.9,3.1,0.5,-2.9
20170214173327325,-0.9,0,0,-7.8,-3.6,-100.9,3.1,0.5,-2.9
20170214173327325,-0.9,0,0,-7.8,-3.6,-100.9,3.1,0.5,-2.9
20170214173328319,-1,0,0.1,-7.8,-2.8,-101.3,1.9,0.6,-3
20170214173328319,-1,0,0.1,-7.8,-2.8,-101.3,1.9,0.6,-3
20170214173328319,-1,0,0.1,-7.8,-2.8,-101.3,1.9,0.6,-3
20170214173328319,-1,0,0.1,-7.8,-2.8,-101.3,1.9,0.6,-3
20170214173328319,-1,0,0.1,-7.8,-2.8,-101.3,1.9,0.6,-3
20170214173328319,-1,0,0.1,-7.8,-2.8,-101.3,1.9,0.6,-3
20170214173328319,-1,0,0.1,-7.8,-2.8,-101.3,1.9,0.6,-3
20170214173328319,-1,0,0.1,-7.8,-2.8,-101.3,1.9,0.6,-3
20170214173328319,-1,0,0.1,-7.8,-2.8,-101.3,1.9,0.6,-3
20170214173329312,-1,0,0,-6.7,-3.6,-100.6,1.1,0.7,-3.2
20170214173329313,-1,0,0,-6.7,-3.6,-100.6,1.1,0.7,-3.2
20170214173329313,-1,0,0,-6.7,-3.6,-100.6,1.1,0.7,-3.2
20170214173329313,-1,0,0,-6.7,-3.6,-100.6,1.1,0.7,-3.2
20170214173329313,-1,0,0,-6.7,-3.6,-100.6,1.1,0.7,-3.2
20170214173329313,-1,0,0,-6.7,-3.6,-100.6,1.1,0.7,-3.2
20170214173329313,-1,0,0,-6.7,-3.6,-100.6,1.1,0.7,-3.2
20170214173329313,-1,0,0,-6.7,-3.6,-100.6,1.1,0.7,-3.2
20170214173329313,-1,0,0,-6.7,-3.6,-100.6,1.1,0.7,-3.2
20170214173330306,-1,0,0,-7.8,-2.5,-102.4,2.1,1.8,-4.4
20170214173330307,-1,0,0,-7.8,-2.5,-102.4,2.1,1.8,-4.4
20170214173330307,-1,0,0,-7.8,-2.5,-102.4,2.1,1.8,-4.4
20170214173330307,-1,0,0,-7.8,-2.5,-102.4,2.1,1.8,-4.4
20170214173330307,-1,0,0,-7.8,-2.5,-102.4,2.1,1.8,-4.4
20170214173330307,-1,0,0,-7.8,-2.5,-102.4,2.1,1.8,-4.4
20170214173330307,-1,0,0,-7.8,-2.5,-102.4,2.1,1.8,-4.4
20170214173330307,-1,0,0,-7.8,-2.5,-102.4,2.1,1.8,-4.4
20170214173330307,-1,0,0,-7.8,-2.5,-102.4,2.1,1.8,-4.4
20170214173331300,-1,0,0,-7.6,-4.2,-101.5,0.7,0.5,-3.3
20170214173331300,-1,0,0,-7.6,-4.2,-101.5,0.7,0.5,-3.3
20170214173331300,-1,0,0,-7.6,-4.2,-101.5,0.7,0.5,-3.3
20170214173331300,-1,0,0,-7.6,-4.2,-101.5,0.7,0.5,-3.3
20170214173331300,-1,0,0,-7.6,-4.2,-101.5,0.7,0.5,-3.3
20170214173331300,-1,0,0,-7.6,-4.2,-101.5,0.7,0.5,-3.3
20170214173331300,-1,0,0,-7.6,-4.2,-101.5,0.7,0.5,-3.3
20170214173331300,-1,0,0,-7.6,-4.2,-101.5,0.7,0.5,-3.3
20170214173331300,-1,0,0,-7.6,-4.2,-101.5,0.7,0.5,-3.3
20170214173332294,-1,0,0,-7.5,-4,-100.6,1.3,1,-3.8
20170214173332294,-1,0,0,-7.5,-4,-100.6,1.3,1,-3.8
20170214173332294,-1,0,0,-7.5,-4,-100.6,1.3,1,-3.8
20170214173332294,-1,0,0,-7.5,-4,-100.6,1.3,1,-3.8
20170214173332294,-1,0,0,-7.5,-4,-100.6,1.3,1,-3.8
20170214173332294,-1,0,0,-7.5,-4,-100.6,1.3,1,-3.8
20170214173332294,-1,0,0,-7.5,-4,-100.6,1.3,1,-3.8
20170214173332294,-1,0,0,-7.5,-4,-100.6,1.3,1,-3.8
20170214173332294,-1,0,0,-7.5,-4,-100.6,1.3,1,-3.8
20170214173333288,-1,0,0,-7.3,-3.7,-100.4,0.8,0.6,-5.2
20170214173333288,-1,0,0,-7.3,-3.7,-100.4,0.8,0.6,-5.2
20170214173333288,-1,0,0,-7.3,-3.7,-100.4,0.8,0.6,-5.2
20170214173333288,-1,0,0,-7.3,-3.7,-100.4,0.8,0.6,-5.2
20170214173333288,-1,0,0,-7.3,-3.7,-100.4,0.8,0.6,-5.2
20170214173333288,-1,0,0,-7.3,-3.7,-100.4,0.8,0.6,-5.2
20170214173333288,-1,0,0,-7.3,-3.7,-100.4,0.8,0.6,-5.2
20170214173333288,-1,0,0,-7.3,-3.7,-100.4,0.8,0.6,-5.2
20170214173333288,-1,0,0,-7.3,-3.7,-100.4,0.8,0.6,-5.2
20170214173334282,-1,0,0.1,-6.7,-3.3,-100.3,2.3,0.6,-2.9
20170214173334282,-1,0,0.1,-6.7,-3.3,-100.3,2.3,0.6,-2.9
20170214173334282,-1,0,0.1,-6.7,-3.3,-100.3,2.3,0.6,-2.9
20170214173334282,-1,0,0.1,-6.7,-3.3,-100.3,2.3,0.6,-2.9
20170214173334282,-1,0,0.1,-6.7,-3.3,-100.3,2.3,0.6,-2.9
20170214173334282,-1,0,0.1,-6.7,-3.3,-100.3,2.3,0.6,-2.9
20170214173334282,-1,0,0.1,-6.7,-3.3,-100.3,2.3,0.6,-2.9
20170214173334282,-1,0,0.1,-6.7,-3.3,-100.3,2.3,0.6,-2.9
20170214173334282,-1,0,0.1,-6.7,-3.3,-100.3,2.3,0.6,-2.9
20170214173335275,-1,0,0,-7.8,-3.3,-100.6,1,0.1,-3.6
20170214173335275,-1,0,0,-7.8,-3.3,-100.6,1,0.1,-3.6
20170214173335275,-1,0,0,-7.8,-3.3,-100.6,1,0.1,-3.6
20170214173335275,-1,0,0,-7.8,-3.3,-100.6,1,0.1,-3.6
20170214173335275,-1,0,0,-7.8,-3.3,-100.6,1,0.1,-3.6
20170214173335275,-1,0,0,-7.8,-3.3,-100.6,1,0.1,-3.6
20170214173335275,-1,0,0,-7.8,-3.3,-100.6,1,0.1,-3.6
20170214173335275,-1,0,0,-7.8,-3.3,-100.6,1,0.1,-3.6
20170214173335275,-1,0,0,-7.8,-3.3,-100.6,1,0.1,-3.6
20170214173336269,-1,0,0.1,-7,-4.5,-99.7,1.2,0.6,-3.6
20170214173336269,-1,0,0.1,-7,-4.5,-99.7,1.2,0.6,-3.6
20170214173336269,-1,0,0.1,-7,-4.5,-99.7,1.2,0.6,-3.6
20170214173336269,-1,0,0.1,-7,-4.5,-99.7,1.2,0.6,-3.6
20170214173336269,-1,0,0.1,-7,-4.5,-99.7,1.2,0.6,-3.6
20170214173336269,-1,0,0.1,-7,-4.5,-99.7,1.2,0.6,-3.6
20170214173336269,-1,0,0.1,-7,-4.5,-99.7,1.2,0.6,-3.6
20170214173336269,-1,0,0.1,-7,-4.5,-99.7,1.2,0.6,-3.6
20170214173336269,-1,0,0.1,-7,-4.5,-99.7,1.2,0.6,-3.6
20170214173337262,-1,0,0.1,-7.8,-4.3,-100.3,1.9,0.8,-2.6
20170214173337262,-1,0,0.1,-7.8,-4.3,-100.3,1.9,0.8,-2.6
20170214173337263,-1,0,0.1,-7.8,-4.3,-100.3,1.9,0.8,-2.6
20170214173337263,-1,0,0.1,-7.8,-4.3,-100.3,1.9,0.8,-2.6
20170214173337263,-1,0,0.1,-7.8,-4.3,-100.3,1.9,0.8,-2.6
20170214173337263,-1,0,0.1,-7.8,-4.3,-100.3,1.9,0.8,-2.6
20170214173337263,-1,0,0.1,-7.8,-4.3,-100.3,1.9,0.8,-2.6
20170214173337263,-1,0,0.1,-7.8,-4.3,-100.3,1.9,0.8,-2.6
20170214173337263,-1,0,0.1,-7.8,-4.3,-100.3,1.9,0.8,-2.6
20170214173338256,-1,0,0,-6.3,-4.9,-100.7,1.9,1.3,-3.4
20170214173338256,-1,0,0,-6.3,-4.9,-100.7,1.9,1.3,-3.4
20170214173338256,-1,0,0,-6.3,-4.9,-100.7,1.9,1.3,-3.4
20170214173338256,-1,0,0,-6.3,-4.9,-100.7,1.9,1.3,-3.4
20170214173338256,-1,0,0,-6.3,-4.9,-100.7,1.9,1.3,-3.4
20170214173338256,-1,0,0,-6.3,-4.9,-100.7,1.9,1.3,-3.4
20170214173338256,-1,0,0,-6.3,-4.9,-100.7,1.9,1.3,-3.4
20170214173338256,-1,0,0,-6.3,-4.9,-100.7,1.9,1.3,-3.4
20170214173338256,-1,0,0,-6.3,-4.9,-100.7,1.9,1.3,-3.4
20170214173339250,-0.9,0,0,-8.5,-3.6,-100.6,1.3,1.2,-3.2
20170214173339250,-0.9,0,0,-8.5,-3.6,-100.6,1.3,1.2,-3.2
20170214173339250,-0.9,0,0,-8.5,-3.6,-100.6,1.3,1.2,-3.2
20170214173339250,-0.9,0,0,-8.5,-3.6,-100.6,1.3,1.2,-3.2
20170214173339250,-0.9,0,0,-8.5,-3.6,-100.6,1.3,1.2,-3.2
20170214173339250,-0.9,0,0,-8.5,-3.6,-100.6,1.3,1.2,-3.2
20170214173339250,-0.9,0,0,-8.5,-3.6,-100.6,1.3,1.2,-3.2
20170214173339251,-0.9,0,0,-8.5,-3.6,-100.6,1.3,1.2,-3.2
20170214173339251,-0.9,0,0,-8.5,-3.6,-100.6,1.3,1.2,-3.2
20170214173340244,-1,0,0,-7.2,-5.1,-100.6,1.8,-0.4,-3.8
20170214173340244,-1,0,0,-7.2,-5.1,-100.6,1.8,-0.4,-3.8
20170214173340244,-1,0,0,-7.2,-5.1,-100.6,1.8,-0.4,-3.8
20170214173340244,-1,0,0,-7.2,-5.1,-100.6,1.8,-0.4,-3.8
20170214173340244,-1,0,0,-7.2,-5.1,-100.6,1.8,-0.4,-3.8
20170214173340244,-1,0,0,-7.2,-5.1,-100.6,1.8,-0.4,-3.8
20170214173340244,-1,0,0,-7.2,-5.1,-100.6,1.8,-0.4,-3.8
20170214173340244,-1,0,0,-7.2,-5.1,-100.6,1.8,-0.4,-3.8
20170214173340244,-1,0,0,-7.2,-5.1,-100.6,1.8,-0.4,-3.8
20170214173341237,-0.9,0.1,0,-7.5,-3.3,-102.4,1.4,0.9,-3.8
20170214173341237,-0.9,0.1,0,-7.5,-3.3,-102.4,1.4,0.9,-3.8
20170214173341237,-0.9,0.1,0,-7.5,-3.3,-102.4,1.4,0.9,-3.8
20170214173341238,-0.9,0.1,0,-7.5,-3.3,-102.4,1.4,0.9,-3.8
20170214173341238,-0.9,0.1,0,-7.5,-3.3,-102.4,1.4,0.9,-3.8
20170214173341238,-0.9,0.1,0,-7.5,-3.3,-102.4,1.4,0.9,-3.8
20170214173341238,-0.9,0.1,0,-7.5,-3.3,-102.4,1.4,0.9,-3.8
20170214173341238,-0.9,0.1,0,-7.5,-3.3,-102.4,1.4,0.9,-3.8
20170214173341238,-0.9,0.1,0,-7.5,-3.3,-102.4,1.4,0.9,-3.8
20170214173342232,-1,0,0,-8.5,-5.7,-100.9,0.6,1,-2.9
20170214173342232,-1,0,0,-8.5,-5.7,-100.9,0.6,1,-2.9
20170214173342232,-1,0,0,-8.5,-5.7,-100.9,0.6,1,-2.9
20170214173342232,-1,0,0,-8.5,-5.7,-100.9,0.6,1,-2.9
20170214173342232,-1,0,0,-8.5,-5.7,-100.9,0.6,1,-2.9
20170214173342232,-1,0,0,-8.5,-5.7,-100.9,0.6,1,-2.9
20170214173342232,-1,0,0,-8.5,-5.7,-100.9,0.6,1,-2.9
20170214173342232,-1,0,0,-8.5,-5.7,-100.9,0.6,1,-2.9
20170214173342232,-1,0,0,-8.5,-5.7,-100.9,0.6,1,-2.9
20170214173343225,-1,0,0.1,-7.3,-3.4,-99.4,1.8,0.8,-3.8
20170214173343225,-1,0,0.1,-7.3,-3.4,-99.4,1.8,0.8,-3.8
20170214173343225,-1,0,0.1,-7.3,-3.4,-99.4,1.8,0.8,-3.8
20170214173343225,-1,0,0.1,-7.3,-3.4,-99.4,1.8,0.8,-3.8
20170214173343225,-1,0,0.1,-7.3,-3.4,-99.4,1.8,0.8,-3.8
20170214173343225,-1,0,0.1,-7.3,-3.4,-99.4,1.8,0.8,-3.8
20170214173343225,-1,0,0.1,-7.3,-3.4,-99.4,1.8,0.8,-3.8
20170214173343225,-1,0,0.1,-7.3,-3.4,-99.4,1.8,0.8,-3.8
20170214173343225,-1,0,0.1,-7.3,-3.4,-99.4,1.8,0.8,-3.8
20170214173344219,-1,0,0,-6.4,-3.6,-101.9,0.2,-0.1,-3.5
20170214173344219,-1,0,0,-6.4,-3.6,-101.9,0.2,-0.1,-3.5
20170214173344219,-1,0,0,-6.4,-3.6,-101.9,0.2,-0.1,-3.5
20170214173344219,-1,0,0,-6.4,-3.6,-101.9,0.2,-0.1,-3.5
20170214173344219,-1,0,0,-6.4,-3.6,-101.9,0.2,-0.1,-3.5
20170214173344219,-1,0,0,-6.4,-3.6,-101.9,0.2,-0.1,-3.5
20170214173344219,-1,0,0,-6.4,-3.6,-101.9,0.2,-0.1,-3.5
20170214173344219,-1,0,0,-6.4,-3.6,-101.9,0.2,-0.1,-3.5
20170214173344219,-1,0,0,-6.4,-3.6,-101.9,0.2,-0.1,-3.5
20170214173345212,-1,0,0,-6.4,-3.6,-99.2,1.8,0.1,-6.6
20170214173345212,-1,0,0,-6.4,-3.6,-99.2,1.8,0.1,-6.6
20170214173345212,-1,0,0,-6.4,-3.6,-99.2,1.8,0.1,-6.6
20170214173345212,-1,0,0,-6.4,-3.6,-99.2,1.8,0.1,-6.6
20170214173345212,-1,0,0,-6.4,-3.6,-99.2,1.8,0.1,-6.6
20170214173345212,-1,0,0,-6.4,-3.6,-99.2,1.8,0.1,-6.6
20170214173345212,-1,0,0,-6.4,-3.6,-99.2,1.8,0.1,-6.6
20170214173345212,-1,0,0,-6.4,-3.6,-99.2,1.8,0.1,-6.6
20170214173345212,-1,0,0,-6.4,-3.6,-99.2,1.8,0.1,-6.6
20170214173346206,-0.9,0,0.1,-7.2,-3.6,-101.6,1.4,-0.6,-4.4
20170214173346206,-0.9,0,0.1,-7.2,-3.6,-101.6,1.4,-0.6,-4.4
20170214173346206,-0.9,0,0.1,-7.2,-3.6,-101.6,1.4,-0.6,-4.4
20170214173346206,-0.9,0,0.1,-7.2,-3.6,-101.6,1.4,-0.6,-4.4
20170214173346206,-0.9,0,0.1,-7.2,-3.6,-101.6,1.4,-0.6,-4.4
20170214173346206,-0.9,0,0.1,-7.2,-3.6,-101.6,1.4,-0.6,-4.4
20170214173346206,-0.9,0,0.1,-7.2,-3.6,-101.6,1.4,-0.6,-4.4
20170214173346206,-0.9,0,0.1,-7.2,-3.6,-101.6,1.4,-0.6,-4.4
20170214173346206,-0.9,0,0.1,-7.2,-3.6,-101.6,1.4,-0.6,-4.4
20170214173347200,-1,0,0,-8.5,-6.4,-103,0.7,1.1,-3.6
20170214173347200,-1,0,0,-8.5,-6.4,-103,0.7,1.1,-3.6
20170214173347200,-1,0,0,-8.5,-6.4,-103,0.7,1.1,-3.6
20170214173347200,-1,0,0,-8.5,-6.4,-103,0.7,1.1,-3.6
20170214173347200,-1,0,0,-8.5,-6.4,-103,0.7,1.1,-3.6
20170214173347200,-1,0,0,-8.5,-6.4,-103,0.7,1.1,-3.6
20170214173347200,-1,0,0,-8.5,-6.4,-103,0.7,1.1,-3.6
20170214173347200,-1,0,0,-8.5,-6.4,-103,0.7,1.1,-3.6
20170214173347200,-1,0,0,-8.5,-6.4,-103,0.7,1.1,-3.6
20170214173348194,-1,0,0,-7,-3.4,-100.4,0.1,-0.3,-4.4
20170214173348194,-1,0,0,-7,-3.4,-100.4,0.1,-0.3,-4.4
20170214173348194,-1,0,0,-7,-3.4,-100.4,0.1,-0.3,-4.4
20170214173348194,-1,0,0,-7,-3.4,-100.4,0.1,-0.3,-4.4
20170214173348194,-1,0,0,-7,-3.4,-100.4,0.1,-0.3,-4.4
20170214173348194,-1,0,0,-7,-3.4,-100.4,0.1,-0.3,-4.4
20170214173348194,-1,0,0,-7,-3.4,-100.4,0.1,-0.3,-4.4
20170214173348194,-1,0,0,-7,-3.4,-100.4,0.1,-0.3,-4.4
20170214173348194,-1,0,0,-7,-3.4,-100.4,0.1,-0.3,-4.4
20170214173349187,-0.9,0,0.1,-5.2,-3.1,-102.1,2.2,0.5,-2.4
20170214173349188,-0.9,0,0.1,-5.2,-3.1,-102.1,2.2,0.5,-2.4
20170214173349188,-0.9,0,0.1,-5.2,-3.1,-102.1,2.2,0.5,-2.4
20170214173349188,-0.9,0,0.1,-5.2,-3.1,-102.1,2.2,0.5,-2.4
20170214173349188,-0.9,0,0.1,-5.2,-3.1,-102.1,2.2,0.5,-2.4
20170214173349188,-0.9,0,0.1,-5.2,-3.1,-102.1,2.2,0.5,-2.4
20170214173349188,-0.9,0,0.1,-5.2,-3.1,-102.1,2.2,0.5,-2.4
20170214173349188,-0.9,0,0.1,-5.2,-3.1,-102.1,2.2,0.5,-2.4
20170214173349188,-0.9,0,0.1,-5.2,-3.1,-102.1,2.2,0.5,-2.4
20170214173350181,-1,0,0.1,-8.1,-4.2,-100.7,2.5,1.5,-2.7
20170214173350181,-1,0,0.1,-8.1,-4.2,-100.7,2.5,1.5,-2.7
20170214173350181,-1,0,0.1,-8.1,-4.2,-100.7,2.5,1.5,-2.7
20170214173350181,-1,0,0.1,-8.1,-4.2,-100.7,2.5,1.5,-2.7
20170214173350181,-1,0,0.1,-8.1,-4.2,-100.7,2.5,1.5,-2.7
20170214173350181,-1,0,0.1,-8.1,-4.2,-100.7,2.5,1.5,-2.7
20170214173350181,-1,0,0.1,-8.1,-4.2,-100.7,2.5,1.5,-2.7
20170214173350181,-1,0,0.1,-8.1,-4.2,-100.7,2.5,1.5,-2.7
20170214173350181,-1,0,0.1,-8.1,-4.2,-100.7,2.5,1.5,-2.7
20170214173351374,-1,0,0,-8.5,-4.6,-100,2,0.2,-4.1
20170214173351374,-1,0,0,-8.5,-4.6,-100,2,0.2,-4.1
20170214173351374,-1,0,0,-8.5,-4.6,-100,2,0.2,-4.1
20170214173351374,-1,0,0,-8.5,-4.6,-100,2,0.2,-4.1
20170214173351374,-1,0,0,-8.5,-4.6,-100,2,0.2,-4.1
20170214173351374,-1,0,0,-8.5,-4.6,-100,2,0.2,-4.1
20170214173351376,-1,0,0,-8.5,-4.6,-100,2,0.2,-4.1
20170214173351376,-1,0,0,-8.5,-4.6,-100,2,0.2,-4.1
20170214173351376,-1,0,0,-8.5,-4.6,-100,2,0.2,-4.1
20170214173352369,-1,-0.1,0,-7,-3.4,-102.1,-0.4,0.7,-4.1
20170214173352369,-1,-0.1,0,-7,-3.4,-102.1,-0.4,0.7,-4.1
20170214173352369,-1,-0.1,0,-7,-3.4,-102.1,-0.4,0.7,-4.1
20170214173352369,-1,-0.1,0,-7,-3.4,-102.1,-0.4,0.7,-4.1
20170214173352369,-1,-0.1,0,-7,-3.4,-102.1,-0.4,0.7,-4.1
20170214173352369,-1,-0.1,0,-7,-3.4,-102.1,-0.4,0.7,-4.1
20170214173352369,-1,-0.1,0,-7,-3.4,-102.1,-0.4,0.7,-4.1
20170214173352369,-1,-0.1,0,-7,-3.4,-102.1,-0.4,0.7,-4.1
20170214173352369,-1,-0.1,0,-7,-3.4,-102.1,-0.4,0.7,-4.1
20170214173353361,-1,0,0.1,-6.6,-2.7,-101.2,1.1,0.5,-4.9
20170214173353361,-1,0,0.1,-6.6,-2.7,-101.2,1.1,0.5,-4.9
20170214173353361,-1,0,0.1,-6.6,-2.7,-101.2,1.1,0.5,-4.9
20170214173353361,-1,0,0.1,-6.6,-2.7,-101.2,1.1,0.5,-4.9
20170214173353361,-1,0,0.1,-6.6,-2.7,-101.2,1.1,0.5,-4.9
20170214173353361,-1,0,0.1,-6.6,-2.7,-101.2,1.1,0.5,-4.9
20170214173353361,-1,0,0.1,-6.6,-2.7,-101.2,1.1,0.5,-4.9
20170214173353361,-1,0,0.1,-6.6,-2.7,-101.2,1.1,0.5,-4.9
20170214173353361,-1,0,0.1,-6.6,-2.7,-101.2,1.1,0.5,-4.9
20170214173354355,-1,0,0.1,-7.5,-3.6,-101.3,1.6,0.1,-5.4
20170214173354355,-1,0,0.1,-7.5,-3.6,-101.3,1.6,0.1,-5.4
20170214173354355,-1,0,0.1,-7.5,-3.6,-101.3,1.6,0.1,-5.4
20170214173354355,-1,0,0.1,-7.5,-3.6,-101.3,1.6,0.1,-5.4
20170214173354355,-1,0,0.1,-7.5,-3.6,-101.3,1.6,0.1,-5.4
20170214173354355,-1,0,0.1,-7.5,-3.6,-101.3,1.6,0.1,-5.4
20170214173354355,-1,0,0.1,-7.5,-3.6,-101.3,1.6,0.1,-5.4
20170214173354355,-1,0,0.1,-7.5,-3.6,-101.3,1.6,0.1,-5.4
20170214173354355,-1,0,0.1,-7.5,-3.6,-101.3,1.6,0.1,-5.4
20170214173355348,-1,-0.1,0.1,-6.7,-5.1,-101.9,0.9,0.9,-2.7
20170214173355349,-1,-0.1,0.1,-6.7,-5.1,-101.9,0.9,0.9,-2.7
20170214173355349,-1,-0.1,0.1,-6.7,-5.1,-101.9,0.9,0.9,-2.7
20170214173355349,-1,-0.1,0.1,-6.7,-5.1,-101.9,0.9,0.9,-2.7
20170214173355349,-1,-0.1,0.1,-6.7,-5.1,-101.9,0.9,0.9,-2.7
20170214173355349,-1,-0.1,0.1,-6.7,-5.1,-101.9,0.9,0.9,-2.7
20170214173355349,-1,-0.1,0.1,-6.7,-5.1,-101.9,0.9,0.9,-2.7
20170214173355349,-1,-0.1,0.1,-6.7,-5.1,-101.9,0.9,0.9,-2.7
20170214173355349,-1,-0.1,0.1,-6.7,-5.1,-101.9,0.9,0.9,-2.7
20170214173356342,0,0,1,-7,-4.5,-101.2,-18,-143.2,-2.3
20170214173356342,0,0,1,-7,-4.5,-101.2,-18,-143.2,-2.3
20170214173356343,0,0,1,-7,-4.5,-101.2,-18,-143.2,-2.3
20170214173356343,0,0,1,-7,-4.5,-101.2,-18,-143.2,-2.3
20170214173356343,0,0,1,-7,-4.5,-101.2,-18,-143.2,-2.3
20170214173356343,0,0,1,-7,-4.5,-101.2,-18,-143.2,-2.3
20170214173356343,0,0,1,-7,-4.5,-101.2,-18,-143.2,-2.3
20170214173356343,0,0,1,-7,-4.5,-101.2,-18,-143.2,-2.3
20170214173356343,0,0,1,-7,-4.5,-101.2,-18,-143.2,-2.3
20170214173357336,0,0,1,-7.8,-5.4,-92.8,0.2,1.1,-3.9
20170214173357336,0,0,1,-7.8,-5.4,-92.8,0.2,1.1,-3.9
20170214173357336,0,0,1,-7.8,-5.4,-92.8,0.2,1.1,-3.9
20170214173357336,0,0,1,-7.8,-5.4,-92.8,0.2,1.1,-3.9
20170214173357336,0,0,1,-7.8,-5.4,-92.8,0.2,1.1,-3.9
20170214173357336,0,0,1,-7.8,-5.4,-92.8,0.2,1.1,-3.9
20170214173357336,0,0,1,-7.8,-5.4,-92.8,0.2,1.1,-3.9
20170214173357336,0,0,1,-7.8,-5.4,-92.8,0.2,1.1,-3.9
20170214173357336,0,0,1,-7.8,-5.4,-92.8,0.2,1.1,-3.9
20170214173358330,0,0,1,-11.1,-51,-53.1,2.4,1.2,-4.3
20170214173358330,0,0,1,-11.1,-51,-53.1,2.4,1.2,-4.3
20170214173358330,0,0,1,-11.1,-51,-53.1,2.4,1.2,-4.3
20170214173358330,0,0,1,-11.1,-51,-53.1,2.4,1.2,-4.3
20170214173358330,0,0,1,-11.1,-51,-53.1,2.4,1.2,-4.3
20170214173358330,0,0,1,-11.1,-51,-53.1,2.4,1.2,-4.3
20170214173358330,0,0,1,-11.1,-51,-53.1,2.4,1.2,-4.3
20170214173358330,0,0,1,-11.1,-51,-53.1,2.4,1.2,-4.3
20170214173358330,0,0,1,-11.1,-51,-53.1,2.4,1.2,-4.3
20170214173359323,0,0,1,-10,-51,-53.8,1.7,0.3,-1.5
20170214173359324,0,0,1,-10,-51,-53.8,1.7,0.3,-1.5
20170214173359324,0,0,1,-10,-51,-53.8,1.7,0.3,-1.5
20170214173359324,0,0,1,-10,-51,-53.8,1.7,0.3,-1.5
20170214173359324,0,0,1,-10,-51,-53.8,1.7,0.3,-1.5
20170214173359324,0,0,1,-10,-51,-53.8,1.7,0.3,-1.5
20170214173359324,0,0,1,-10,-51,-53.8,1.7,0.3,-1.5
20170214173359324,0,0,1,-10,-51,-53.8,1.7,0.3,-1.5
20170214173359324,0,0,1,-10,-51,-53.8,1.7,0.3,-1.5
20170214173400317,0.2,0.1,1.1,-10.8,-52.6,-53.7,2.1,1.1,-4.7
20170214173400317,0.2,0.1,1.1,-10.8,-52.6,-53.7,2.1,1.1,-4.7
20170214173400317,0.2,0.1,1.1,-10.8,-52.6,-53.7,2.1,1.1,-4.7
20170214173400317,0.2,0.1,1.1,-10.8,-52.6,-53.7,2.1,1.1,-4.7
20170214173400318,0.2,0.1,1.1,-10.8,-52.6,-53.7,2.1,1.1,-4.7
20170214173400318,0.2,0.1,1.1,-10.8,-52.6,-53.7,2.1,1.1,-4.7
20170214173400318,0.2,0.1,1.1,-10.8,-52.6,-53.7,2.1,1.1,-4.7
20170214173400318,0.2,0.1,1.1,-10.8,-52.6,-53.7,2.1,1.1,-4.7
20170214173400318,0.2,0.1,1.1,-10.8,-52.6,-53.7,2.1,1.1,-4.7
20170214173401311,-0.6,0.4,0.6,-9.1,-50.8,-54.6,-7,0.7,2.2
20170214173401311,-0.6,0.4,0.6,-9.1,-50.8,-54.6,-7,0.7,2.2
20170214173401311,-0.6,0.4,0.6,-9.1,-50.8,-54.6,-7,0.7,2.2
20170214173401311,-0.6,0.4,0.6,-9.1,-50.8,-54.6,-7,0.7,2.2
20170214173401311,-0.6,0.4,0.6,-9.1,-50.8,-54.6,-7,0.7,2.2
20170214173401311,-0.6,0.4,0.6,-9.1,-50.8,-54.6,-7,0.7,2.2
20170214173401311,-0.6,0.4,0.6,-9.1,-50.8,-54.6,-7,0.7,2.2
20170214173401311,-0.6,0.4,0.6,-9.1,-50.8,-54.6,-7,0.7,2.2
20170214173401311,-0.6,0.4,0.6,-9.1,-50.8,-54.6,-7,0.7,2.2
20170214173402305,-0.4,0.5,0.8,-8.5,-52.5,-54.1,109.3,-17.3,64.5
20170214173402305,-0.4,0.5,0.8,-8.5,-52.5,-54.1,109.3,-17.3,64.5
20170214173402305,-0.4,0.5,0.8,-8.5,-52.5,-54.1,109.3,-17.3,64.5
20170214173402305,-0.4,0.5,0.8,-8.5,-52.5,-54.1,109.3,-17.3,64.5
20170214173402305,-0.4,0.5,0.8,-8.5,-52.5,-54.1,109.3,-17.3,64.5
20170214173402305,-0.4,0.5,0.8,-8.5,-52.5,-54.1,109.3,-17.3,64.5
20170214173402305,-0.4,0.5,0.8,-8.5,-52.5,-54.1,109.3,-17.3,64.5
20170214173402305,-0.4,0.5,0.8,-8.5,-52.5,-54.1,109.3,-17.3,64.5
20170214173402306,-0.4,0.5,0.8,-8.5,-52.5,-54.1,109.3,-17.3,64.5
20170214173403298,-0.6,0.4,0.8,-19.2,-27.9,-82.9,8.4,-6.3,3
20170214173403299,-0.6,0.4,0.8,-19.2,-27.9,-82.9,8.4,-6.3,3
20170214173403299,-0.6,0.4,0.8,-19.2,-27.9,-82.9,8.4,-6.3,3
20170214173403299,-0.6,0.4,0.8,-19.2,-27.9,-82.9,8.4,-6.3,3
20170214173403299,-0.6,0.4,0.8,-19.2,-27.9,-82.9,8.4,-6.3,3
20170214173403299,-0.6,0.4,0.8,-19.2,-27.9,-82.9,8.4,-6.3,3
20170214173403299,-0.6,0.4,0.8,-19.2,-27.9,-82.9,8.4,-6.3,3
20170214173403299,-0.6,0.4,0.8,-19.2,-27.9,-82.9,8.4,-6.3,3
20170214173403299,-0.6,0.4,0.8,-19.2,-27.9,-82.9,8.4,-6.3,3
20170214173404292,-0.4,0.5,0.7,-32.7,-43.2,-93.8,2.7,0.9,-5.6
20170214173404292,-0.4,0.5,0.7,-32.7,-43.2,-93.8,2.7,0.9,-5.6
20170214173404292,-0.4,0.5,0.7,-32.7,-43.2,-93.8,2.7,0.9,-5.6
20170214173404292,-0.4,0.5,0.7,-32.7,-43.2,-93.8,2.7,0.9,-5.6
20170214173404292,-0.4,0.5,0.7,-32.7,-43.2,-93.8,2.7,0.9,-5.6
20170214173404292,-0.4,0.5,0.7,-32.7,-43.2,-93.8,2.7,0.9,-5.6
20170214173404293,-0.4,0.5,0.7,-32.7,-43.2,-93.8,2.7,0.9,-5.6
20170214173404293,-0.4,0.5,0.7,-32.7,-43.2,-93.8,2.7,0.9,-5.6
20170214173404293,-0.4,0.5,0.7,-32.7,-43.2,-93.8,2.7,0.9,-5.6
20170214173405287,-0.4,0.6,0.8,-28.8,-41.7,-90.7,3.2,-4.6,1.8
20170214173405287,-0.4,0.6,0.8,-28.8,-41.7,-90.7,3.2,-4.6,1.8
20170214173405287,-0.4,0.6,0.8,-28.8,-41.7,-90.7,3.2,-4.6,1.8
20170214173405287,-0.4,0.6,0.8,-28.8,-41.7,-90.7,3.2,-4.6,1.8
20170214173405287,-0.4,0.6,0.8,-28.8,-41.7,-90.7,3.2,-4.6,1.8
20170214173405287,-0.4,0.6,0.8,-28.8,-41.7,-90.7,3.2,-4.6,1.8
20170214173405287,-0.4,0.6,0.8,-28.8,-41.7,-90.7,3.2,-4.6,1.8
20170214173405287,-0.4,0.6,0.8,-28.8,-41.7,-90.7,3.2,-4.6,1.8
20170214173405287,-0.4,0.6,0.8,-28.8,-41.7,-90.7,3.2,-4.6,1.8
20170214173406280,-0.3,0.6,0.8,-35.1,-44.2,-97.1,0.8,1.8,-2.5
20170214173406280,-0.3,0.6,0.8,-35.1,-44.2,-97.1,0.8,1.8,-2.5
20170214173406280,-0.3,0.6,0.8,-35.1,-44.2,-97.1,0.8,1.8,-2.5
20170214173406280,-0.3,0.6,0.8,-35.1,-44.2,-97.1,0.8,1.8,-2.5
20170214173406280,-0.3,0.6,0.8,-35.1,-44.2,-97.1,0.8,1.8,-2.5
20170214173406280,-0.3,0.6,0.8,-35.1,-44.2,-97.1,0.8,1.8,-2.5
20170214173406280,-0.3,0.6,0.8,-35.1,-44.2,-97.1,0.8,1.8,-2.5
20170214173406280,-0.3,0.6,0.8,-35.1,-44.2,-97.1,0.8,1.8,-2.5
20170214173406280,-0.3,0.6,0.8,-35.1,-44.2,-97.1,0.8,1.8,-2.5
20170214173407274,-0.3,0.6,0.8,-36,-47.7,-99.7,1.5,-1.3,-4.2
20170214173407274,-0.3,0.6,0.8,-36,-47.7,-99.7,1.5,-1.3,-4.2
20170214173407274,-0.3,0.6,0.8,-36,-47.7,-99.7,1.5,-1.3,-4.2
20170214173407274,-0.3,0.6,0.8,-36,-47.7,-99.7,1.5,-1.3,-4.2
20170214173407274,-0.3,0.6,0.8,-36,-47.7,-99.7,1.5,-1.3,-4.2
20170214173407274,-0.3,0.6,0.8,-36,-47.7,-99.7,1.5,-1.3,-4.2
20170214173407274,-0.3,0.6,0.8,-36,-47.7,-99.7,1.5,-1.3,-4.2
20170214173407274,-0.3,0.6,0.8,-36,-47.7,-99.7,1.5,-1.3,-4.2
20170214173407274,-0.3,0.6,0.8,-36,-47.7,-99.7,1.5,-1.3,-4.2
20170214173408267,-0.4,0.7,0.8,-36.9,-47.4,-99.5,2.7,0.8,-1.2
20170214173408267,-0.4,0.7,0.8,-36.9,-47.4,-99.5,2.7,0.8,-1.2
20170214173408267,-0.4,0.7,0.8,-36.9,-47.4,-99.5,2.7,0.8,-1.2
20170214173408267,-0.4,0.7,0.8,-36.9,-47.4,-99.5,2.7,0.8,-1.2
20170214173408267,-0.4,0.7,0.8,-36.9,-47.4,-99.5,2.7,0.8,-1.2
20170214173408267,-0.4,0.7,0.8,-36.9,-47.4,-99.5,2.7,0.8,-1.2
20170214173408267,-0.4,0.7,0.8,-36.9,-47.4,-99.5,2.7,0.8,-1.2
20170214173408267,-0.4,0.7,0.8,-36.9,-47.4,-99.5,2.7,0.8,-1.2
20170214173408267,-0.4,0.7,0.8,-36.9,-47.4,-99.5,2.7,0.8,-1.2
20170214173409261,-0.4,0.4,0.8,-38.1,-47.2,-99.1,2.5,0.1,-3
20170214173409261,-0.4,0.4,0.8,-38.1,-47.2,-99.1,2.5,0.1,-3
20170214173409261,-0.4,0.4,0.8,-38.1,-47.2,-99.1,2.5,0.1,-3
20170214173409261,-0.4,0.4,0.8,-38.1,-47.2,-99.1,2.5,0.1,-3
20170214173409261,-0.4,0.4,0.8,-38.1,-47.2,-99.1,2.5,0.1,-3
20170214173409261,-0.4,0.4,0.8,-38.1,-47.2,-99.1,2.5,0.1,-3
20170214173409261,-0.4,0.4,0.8,-38.1,-47.2,-99.1,2.5,0.1,-3
20170214173409261,-0.4,0.4,0.8,-38.1,-47.2,-99.1,2.5,0.1,-3
20170214173409261,-0.4,0.4,0.8,-38.1,-47.2,-99.1,2.5,0.1,-3
20170214173410255,-0.7,0.1,0.7,-36.1,-48.9,-97.9,-16.5,18.5,-8.2
20170214173410255,-0.7,0.1,0.7,-36.1,-48.9,-97.9,-16.5,18.5,-8.2
20170214173410255,-0.7,0.1,0.7,-36.1,-48.9,-97.9,-16.5,18.5,-8.2
20170214173410255,-0.7,0.1,0.7,-36.1,-48.9,-97.9,-16.5,18.5,-8.2
20170214173410255,-0.7,0.1,0.7,-36.1,-48.9,-97.9,-16.5,18.5,-8.2
20170214173410255,-0.7,0.1,0.7,-36.1,-48.9,-97.9,-16.5,18.5,-8.2
20170214173410255,-0.7,0.1,0.7,-36.1,-48.9,-97.9,-16.5,18.5,-8.2
20170214173410255,-0.7,0.1,0.7,-36.1,-48.9,-97.9,-16.5,18.5,-8.2
20170214173410255,-0.7,0.1,0.7,-36.1,-48.9,-97.9,-16.5,18.5,-8.2
20170214173411249,-0.7,-0.3,0.7,-29.4,-45,-87.2,-5,4.3,-7.4
20170214173411249,-0.7,-0.3,0.7,-29.4,-45,-87.2,-5,4.3,-7.4
20170214173411249,-0.7,-0.3,0.7,-29.4,-45,-87.2,-5,4.3,-7.4
20170214173411249,-0.7,-0.3,0.7,-29.4,-45,-87.2,-5,4.3,-7.4
20170214173411249,-0.7,-0.3,0.7,-29.4,-45,-87.2,-5,4.3,-7.4
20170214173411249,-0.7,-0.3,0.7,-29.4,-45,-87.2,-5,4.3,-7.4
20170214173411249,-0.7,-0.3,0.7,-29.4,-45,-87.2,-5,4.3,-7.4
20170214173411249,-0.7,-0.3,0.7,-29.4,-45,-87.2,-5,4.3,-7.4
20170214173411249,-0.7,-0.3,0.7,-29.4,-45,-87.2,-5,4.3,-7.4
20170214173412243,-0.6,-0.3,0.8,-10.3,-34.2,-69.1,-0.6,-1.1,-3.9
20170214173412243,-0.6,-0.3,0.8,-10.3,-34.2,-69.1,-0.6,-1.1,-3.9
20170214173412243,-0.6,-0.3,0.8,-10.3,-34.2,-69.1,-0.6,-1.1,-3.9
20170214173412243,-0.6,-0.3,0.8,-10.3,-34.2,-69.1,-0.6,-1.1,-3.9
20170214173412244,-0.6,-0.3,0.8,-10.3,-34.2,-69.1,-0.6,-1.1,-3.9
20170214173412244,-0.6,-0.3,0.8,-10.3,-34.2,-69.1,-0.6,-1.1,-3.9
20170214173412244,-0.6,-0.3,0.8,-10.3,-34.2,-69.1,-0.6,-1.1,-3.9
20170214173412244,-0.6,-0.3,0.8,-10.3,-34.2,-69.1,-0.6,-1.1,-3.9
20170214173412244,-0.6,-0.3,0.8,-10.3,-34.2,-69.1,-0.6,-1.1,-3.9
20170214173413236,-0.7,-0.3,0.8,8.7,-33.1,-58.6,0.2,0.9,-4.2
20170214173413236,-0.7,-0.3,0.8,8.7,-33.1,-58.6,0.2,0.9,-4.2
20170214173413236,-0.7,-0.3,0.8,8.7,-33.1,-58.6,0.2,0.9,-4.2
20170214173413236,-0.7,-0.3,0.8,8.7,-33.1,-58.6,0.2,0.9,-4.2
20170214173413236,-0.7,-0.3,0.8,8.7,-33.1,-58.6,0.2,0.9,-4.2
20170214173413236,-0.7,-0.3,0.8,8.7,-33.1,-58.6,0.2,0.9,-4.2
20170214173413236,-0.7,-0.3,0.8,8.7,-33.1,-58.6,0.2,0.9,-4.2
20170214173413236,-0.7,-0.3,0.8,8.7,-33.1,-58.6,0.2,0.9,-4.2
20170214173413236,-0.7,-0.3,0.8,8.7,-33.1,-58.6,0.2,0.9,-4.2
20170214173414230,-0.6,-0.3,0.8,7,-33.9,-58.9,-1.6,5.2,-2
20170214173414230,-0.6,-0.3,0.8,7,-33.9,-58.9,-1.6,5.2,-2
20170214173414230,-0.6,-0.3,0.8,7,-33.9,-58.9,-1.6,5.2,-2
20170214173414230,-0.6,-0.3,0.8,7,-33.9,-58.9,-1.6,5.2,-2
20170214173414230,-0.6,-0.3,0.8,7,-33.9,-58.9,-1.6,5.2,-2
20170214173414230,-0.6,-0.3,0.8,7,-33.9,-58.9,-1.6,5.2,-2
20170214173414230,-0.6,-0.3,0.8,7,-33.9,-58.9,-1.6,5.2,-2
20170214173414230,-0.6,-0.3,0.8,7,-33.9,-58.9,-1.6,5.2,-2
20170214173414230,-0.6,-0.3,0.8,7,-33.9,-58.9,-1.6,5.2,-2
20170214173415224,-0.6,-0.3,0.8,8.5,-33.7,-57.7,1.9,-0.1,-3
20170214173415224,-0.6,-0.3,0.8,8.5,-33.7,-57.7,1.9,-0.1,-3
20170214173415224,-0.6,-0.3,0.8,8.5,-33.7,-57.7,1.9,-0.1,-3
20170214173415224,-0.6,-0.3,0.8,8.5,-33.7,-57.7,1.9,-0.1,-3
20170214173415224,-0.6,-0.3,0.8,8.5,-33.7,-57.7,1.9,-0.1,-3
20170214173415224,-0.6,-0.3,0.8,8.5,-33.7,-57.7,1.9,-0.1,-3
20170214173415224,-0.6,-0.3,0.8,8.5,-33.7,-57.7,1.9,-0.1,-3
20170214173415224,-0.6,-0.3,0.8,8.5,-33.7,-57.7,1.9,-0.1,-3
20170214173415224,-0.6,-0.3,0.8,8.5,-33.7,-57.7,1.9,-0.1,-3
20170214173416217,-0.8,-0.2,0.5,10.5,-32.5,-56.2,-0.1,0.6,-4.8
20170214173416217,-0.8,-0.2,0.5,10.5,-32.5,-56.2,-0.1,0.6,-4.8
20170214173416218,-0.8,-0.2,0.5,10.5,-32.5,-56.2,-0.1,0.6,-4.8
20170214173416218,-0.8,-0.2,0.5,10.5,-32.5,-56.2,-0.1,0.6,-4.8
20170214173416218,-0.8,-0.2,0.5,10.5,-32.5,-56.2,-0.1,0.6,-4.8
20170214173416218,-0.8,-0.2,0.5,10.5,-32.5,-56.2,-0.1,0.6,-4.8
20170214173416218,-0.8,-0.2,0.5,10.5,-32.5,-56.2,-0.1,0.6,-4.8
20170214173416218,-0.8,-0.2,0.5,10.5,-32.5,-56.2,-0.1,0.6,-4.8
20170214173416218,-0.8,-0.2,0.5,10.5,-32.5,-56.2,-0.1,0.6,-4.8
20170214173417211,-0.9,-0.2,0.3,10.5,-32.1,-58.9,-10.6,45.7,19.1
20170214173417211,-0.9,-0.2,0.3,10.5,-32.1,-58.9,-10.6,45.7,19.1
20170214173417211,-0.9,-0.2,0.3,10.5,-32.1,-58.9,-10.6,45.7,19.1
20170214173417211,-0.9,-0.2,0.3,10.5,-32.1,-58.9,-10.6,45.7,19.1
20170214173417211,-0.9,-0.2,0.3,10.5,-32.1,-58.9,-10.6,45.7,19.1
20170214173417211,-0.9,-0.2,0.3,10.5,-32.1,-58.9,-10.6,45.7,19.1
20170214173417211,-0.9,-0.2,0.3,10.5,-32.1,-58.9,-10.6,45.7,19.1
20170214173417211,-0.9,-0.2,0.3,10.5,-32.1,-58.9,-10.6,45.7,19.1
20170214173417211,-0.9,-0.2,0.3,10.5,-32.1,-58.9,-10.6,45.7,19.1
20170214173418205,-0.8,-0.5,0.1,11.5,-26.4,-62.7,-3.9,78.7,18.6
20170214173418205,-0.8,-0.5,0.1,11.5,-26.4,-62.7,-3.9,78.7,18.6
20170214173418205,-0.8,-0.5,0.1,11.5,-26.4,-62.7,-3.9,78.7,18.6
20170214173418205,-0.8,-0.5,0.1,11.5,-26.4,-62.7,-3.9,78.7,18.6
20170214173418205,-0.8,-0.5,0.1,11.5,-26.4,-62.7,-3.9,78.7,18.6
20170214173418205,-0.8,-0.5,0.1,11.5,-26.4,-62.7,-3.9,78.7,18.6
20170214173418205,-0.8,-0.5,0.1,11.5,-26.4,-62.7,-3.9,78.7,18.6
20170214173418205,-0.8,-0.5,0.1,11.5,-26.4,-62.7,-3.9,78.7,18.6
20170214173418205,-0.8,-0.5,0.1,11.5,-26.4,-62.7,-3.9,78.7,18.6
20170214173419199,-0.6,-0.7,-0.2,12.1,-19.5,-69.7,20.7,-14.4,-31.9
20170214173419199,-0.6,-0.7,-0.2,12.1,-19.5,-69.7,20.7,-14.4,-31.9
20170214173419199,-0.6,-0.7,-0.2,12.1,-19.5,-69.7,20.7,-14.4,-31.9
20170214173419199,-0.6,-0.7,-0.2,12.1,-19.5,-69.7,20.7,-14.4,-31.9
20170214173419199,-0.6,-0.7,-0.2,12.1,-19.5,-69.7,20.7,-14.4,-31.9
20170214173419199,-0.6,-0.7,-0.2,12.1,-19.5,-69.7,20.7,-14.4,-31.9
20170214173419199,-0.6,-0.7,-0.2,12.1,-19.5,-69.7,20.7,-14.4,-31.9
20170214173419199,-0.6,-0.7,-0.2,12.1,-19.5,-69.7,20.7,-14.4,-31.9
20170214173419199,-0.6,-0.7,-0.2,12.1,-19.5,-69.7,20.7,-14.4,-31.9
20170214173420192,-0.5,-0.8,-0.1,29.7,-18.3,-69.9,0.8,2,-3.6
20170214173420192,-0.5,-0.8,-0.1,29.7,-18.3,-69.9,0.8,2,-3.6
20170214173420192,-0.5,-0.8,-0.1,29.7,-18.3,-69.9,0.8,2,-3.6
20170214173420192,-0.5,-0.8,-0.1,29.7,-18.3,-69.9,0.8,2,-3.6
20170214173420192,-0.5,-0.8,-0.1,29.7,-18.3,-69.9,0.8,2,-3.6
20170214173420192,-0.5,-0.8,-0.1,29.7,-18.3,-69.9,0.8,2,-3.6
20170214173420192,-0.5,-0.8,-0.1,29.7,-18.3,-69.9,0.8,2,-3.6
20170214173420192,-0.5,-0.8,-0.1,29.7,-18.3,-69.9,0.8,2,-3.6
20170214173420192,-0.5,-0.8,-0.1,29.7,-18.3,-69.9,0.8,2,-3.6
20170214173421186,-0.4,-0.9,-0.1,33.9,-20.4,-77.6,18.7,15,-2.9
20170214173421186,-0.4,-0.9,-0.1,33.9,-20.4,-77.6,18.7,15,-2.9
20170214173421186,-0.4,-0.9,-0.1,33.9,-20.4,-77.6,18.7,15,-2.9
20170214173421186,-0.4,-0.9,-0.1,33.9,-20.4,-77.6,18.7,15,-2.9
20170214173421186,-0.4,-0.9,-0.1,33.9,-20.4,-77.6,18.7,15,-2.9
20170214173421186,-0.4,-0.9,-0.1,33.9,-20.4,-77.6,18.7,15,-2.9
20170214173421186,-0.4,-0.9,-0.1,33.9,-20.4,-77.6,18.7,15,-2.9
20170214173421186,-0.4,-0.9,-0.1,33.9,-20.4,-77.6,18.7,15,-2.9
20170214173421186,-0.4,-0.9,-0.1,33.9,-20.4,-77.6,18.7,15,-2.9
20170214173422180,0,-1,0.1,40.5,-23.4,-75.1,23.9,3.2,-14.5
20170214173422180,0,-1,0.1,40.5,-23.4,-75.1,23.9,3.2,-14.5
20170214173422180,0,-1,0.1,40.5,-23.4,-75.1,23.9,3.2,-14.5
20170214173422180,0,-1,0.1,40.5,-23.4,-75.1,23.9,3.2,-14.5
20170214173422180,0,-1,0.1,40.5,-23.4,-75.1,23.9,3.2,-14.5
20170214173422180,0,-1,0.1,40.5,-23.4,-75.1,23.9,3.2,-14.5
20170214173422180,0,-1,0.1,40.5,-23.4,-75.1,23.9,3.2,-14.5
20170214173422180,0,-1,0.1,40.5,-23.4,-75.1,23.9,3.2,-14.5
20170214173422180,0,-1,0.1,40.5,-23.4,-75.1,23.9,3.2,-14.5
20170214173423372,0.6,-0.7,0.4,45.3,-27.9,-64.3,48.4,2.5,-30.4
20170214173423372,0.6,-0.7,0.4,45.3,-27.9,-64.3,48.4,2.5,-30.4
20170214173423373,0.6,-0.7,0.4,45.3,-27.9,-64.3,48.4,2.5,-30.4
20170214173423373,0.6,-0.7,0.4,45.3,-27.9,-64.3,48.4,2.5,-30.4
20170214173423373,0.6,-0.7,0.4,45.3,-27.9,-64.3,48.4,2.5,-30.4
20170214173423373,0.6,-0.7,0.4,45.3,-27.9,-64.3,48.4,2.5,-30.4
20170214173423373,0.6,-0.7,0.4,45.3,-27.9,-64.3,48.4,2.5,-30.4
20170214173423373,0.6,-0.7,0.4,45.3,-27.9,-64.3,48.4,2.5,-30.4
20170214173423373,0.6,-0.7,0.4,45.3,-27.9,-64.3,48.4,2.5,-30.4
20170214173424366,0.7,-0.6,0.6,43.6,-35.5,-58.3,-16.9,11.9,-14
20170214173424366,0.7,-0.6,0.6,43.6,-35.5,-58.3,-16.9,11.9,-14
20170214173424366,0.7,-0.6,0.6,43.6,-35.5,-58.3,-16.9,11.9,-14
20170214173424366,0.7,-0.6,0.6,43.6,-35.5,-58.3,-16.9,11.9,-14
20170214173424366,0.7,-0.6,0.6,43.6,-35.5,-58.3,-16.9,11.9,-14
20170214173424366,0.7,-0.6,0.6,43.6,-35.5,-58.3,-16.9,11.9,-14
20170214173424367,0.7,-0.6,0.6,43.6,-35.5,-58.3,-16.9,11.9,-14
20170214173424367,0.7,-0.6,0.6,43.6,-35.5,-58.3,-16.9,11.9,-14
20170214173424367,0.7,-0.6,0.6,43.6,-35.5,-58.3,-16.9,11.9,-14
20170214173425360,0.5,-0.7,0.7,20.2,-57.9,-55,25.5,61.9,-28.3
20170214173425360,0.5,-0.7,0.7,20.2,-57.9,-55,25.5,61.9,-28.3
20170214173425360,0.5,-0.7,0.7,20.2,-57.9,-55,25.5,61.9,-28.3
20170214173425360,0.5,-0.7,0.7,20.2,-57.9,-55,25.5,61.9,-28.3
20170214173425360,0.5,-0.7,0.7,20.2,-57.9,-55,25.5,61.9,-28.3
20170214173425360,0.5,-0.7,0.7,20.2,-57.9,-55,25.5,61.9,-28.3
20170214173425360,0.5,-0.7,0.7,20.2,-57.9,-55,25.5,61.9,-28.3
20170214173425360,0.5,-0.7,0.7,20.2,-57.9,-55,25.5,61.9,-28.3
20170214173425360,0.5,-0.7,0.7,20.2,-57.9,-55,25.5,61.9,-28.3
20170214173426353,0.8,-0.5,0.2,12.9,-62.5,-60.1,-27.8,-65.4,26.1
20170214173426354,0.8,-0.5,0.2,12.9,-62.5,-60.1,-27.8,-65.4,26.1
20170214173426354,0.8,-0.5,0.2,12.9,-62.5,-60.1,-27.8,-65.4,26.1
20170214173426354,0.8,-0.5,0.2,12.9,-62.5,-60.1,-27.8,-65.4,26.1
20170214173426354,0.8,-0.5,0.2,12.9,-62.5,-60.1,-27.8,-65.4,26.1
20170214173426354,0.8,-0.5,0.2,12.9,-62.5,-60.1,-27.8,-65.4,26.1
20170214173426354,0.8,-0.5,0.2,12.9,-62.5,-60.1,-27.8,-65.4,26.1
20170214173426354,0.8,-0.5,0.2,12.9,-62.5,-60.1,-27.8,-65.4,26.1
20170214173426354,0.8,-0.5,0.2,12.9,-62.5,-60.1,-27.8,-65.4,26.1
20170214173427347,0.7,-0.5,0.3,11.4,-59.4,-57,-2.5,23.1,-4.1
20170214173427348,0.7,-0.5,0.3,11.4,-59.4,-57,-2.5,23.1,-4.1
20170214173427348,0.7,-0.5,0.3,11.4,-59.4,-57,-2.5,23.1,-4.1
20170214173427348,0.7,-0.5,0.3,11.4,-59.4,-57,-2.5,23.1,-4.1
20170214173427348,0.7,-0.5,0.3,11.4,-59.4,-57,-2.5,23.1,-4.1
20170214173427348,0.7,-0.5,0.3,11.4,-59.4,-57,-2.5,23.1,-4.1
20170214173427348,0.7,-0.5,0.3,11.4,-59.4,-57,-2.5,23.1,-4.1
20170214173427348,0.7,-0.5,0.3,11.4,-59.4,-57,-2.5,23.1,-4.1
20170214173427348,0.7,-0.5,0.3,11.4,-59.4,-57,-2.5,23.1,-4.1
20170214173428341,0.6,-0.6,0.4,7.2,-69.3,-81.7,23.6,61.9,0.3
20170214173428341,0.6,-0.6,0.4,7.2,-69.3,-81.7,23.6,61.9,0.3
20170214173428341,0.6,-0.6,0.4,7.2,-69.3,-81.7,23.6,61.9,0.3
20170214173428341,0.6,-0.6,0.4,7.2,-69.3,-81.7,23.6,61.9,0.3
20170214173428341,0.6,-0.6,0.4,7.2,-69.3,-81.7,23.6,61.9,0.3
20170214173428341,0.6,-0.6,0.4,7.2,-69.3,-81.7,23.6,61.9,0.3
20170214173428341,0.6,-0.6,0.4,7.2,-69.3,-81.7,23.6,61.9,0.3
20170214173428341,0.6,-0.6,0.4,7.2,-69.3,-81.7,23.6,61.9,0.3
20170214173428341,0.6,-0.6,0.4,7.2,-69.3,-81.7,23.6,61.9,0.3
20170214173429335,0.7,-0.5,0.3,13.2,-69.3,-73.8,5.4,-1.5,-9.2
20170214173429335,0.7,-0.5,0.3,13.2,-69.3,-73.8,5.4,-1.5,-9.2
20170214173429335,0.7,-0.5,0.3,13.2,-69.3,-73.8,5.4,-1.5,-9.2
20170214173429335,0.7,-0.5,0.3,13.2,-69.3,-73.8,5.4,-1.5,-9.2
20170214173429335,0.7,-0.5,0.3,13.2,-69.3,-73.8,5.4,-1.5,-9.2
20170214173429335,0.7,-0.5,0.3,13.2,-69.3,-73.8,5.4,-1.5,-9.2
20170214173429335,0.7,-0.5,0.3,13.2,-69.3,-73.8,5.4,-1.5,-9.2
20170214173429335,0.7,-0.5,0.3,13.2,-69.3,-73.8,5.4,-1.5,-9.2
20170214173429335,0.7,-0.5,0.3,13.2,-69.3,-73.8,5.4,-1.5,-9.2
20170214173430329,0.8,-0.6,0.3,12.9,-65.1,-64.9,8.7,-20.7,10.9
20170214173430329,0.8,-0.6,0.3,12.9,-65.1,-64.9,8.7,-20.7,10.9
20170214173430329,0.8,-0.6,0.3,12.9,-65.1,-64.9,8.7,-20.7,10.9
20170214173430329,0.8,-0.6,0.3,12.9,-65.1,-64.9,8.7,-20.7,10.9
20170214173430329,0.8,-0.6,0.3,12.9,-65.1,-64.9,8.7,-20.7,10.9
20170214173430329,0.8,-0.6,0.3,12.9,-65.1,-64.9,8.7,-20.7,10.9
20170214173430329,0.8,-0.6,0.3,12.9,-65.1,-64.9,8.7,-20.7,10.9
20170214173430329,0.8,-0.6,0.3,12.9,-65.1,-64.9,8.7,-20.7,10.9
20170214173430329,0.8,-0.6,0.3,12.9,-65.1,-64.9,8.7,-20.7,10.9
20170214173431322,0.8,-0.6,0.4,10.2,-70.6,-75.3,2.9,22.3,-0.2
20170214173431322,0.8,-0.6,0.4,10.2,-70.6,-75.3,2.9,22.3,-0.2
20170214173431323,0.8,-0.6,0.4,10.2,-70.6,-75.3,2.9,22.3,-0.2
20170214173431323,0.8,-0.6,0.4,10.2,-70.6,-75.3,2.9,22.3,-0.2
20170214173431323,0.8,-0.6,0.4,10.2,-70.6,-75.3,2.9,22.3,-0.2
20170214173431323,0.8,-0.6,0.4,10.2,-70.6,-75.3,2.9,22.3,-0.2
20170214173431323,0.8,-0.6,0.4,10.2,-70.6,-75.3,2.9,22.3,-0.2
20170214173431323,0.8,-0.6,0.4,10.2,-70.6,-75.3,2.9,22.3,-0.2
20170214173431323,0.8,-0.6,0.4,10.2,-70.6,-75.3,2.9,22.3,-0.2
20170214173432316,0.7,-0.7,0.2,12.1,-67.6,-69,-0.2,23.8,-4.1
20170214173432316,0.7,-0.7,0.2,12.1,-67.6,-69,-0.2,23.8,-4.1
20170214173432316,0.7,-0.7,0.2,12.1,-67.6,-69,-0.2,23.8,-4.1
20170214173432316,0.7,-0.7,0.2,12.1,-67.6,-69,-0.2,23.8,-4.1
20170214173432316,0.7,-0.7,0.2,12.1,-67.6,-69,-0.2,23.8,-4.1
20170214173432316,0.7,-0.7,0.2,12.1,-67.6,-69,-0.2,23.8,-4.1
20170214173432316,0.7,-0.7,0.2,12.1,-67.6,-69,-0.2,23.8,-4.1
20170214173432316,0.7,-0.7,0.2,12.1,-67.6,-69,-0.2,23.8,-4.1
20170214173432316,0.7,-0.7,0.2,12.1,-67.6,-69,-0.2,23.8,-4.1
20170214173433310,0.8,-0.7,0.3,14.1,-67,-72.6,3.3,-20.1,-16.4
20170214173433310,0.8,-0.7,0.3,14.1,-67,-72.6,3.3,-20.1,-16.4
20170214173433310,0.8,-0.7,0.3,14.1,-67,-72.6,3.3,-20.1,-16.4
20170214173433310,0.8,-0.7,0.3,14.1,-67,-72.6,3.3,-20.1,-16.4
20170214173433310,0.8,-0.7,0.3,14.1,-67,-72.6,3.3,-20.1,-16.4
20170214173433310,0.8,-0.7,0.3,14.1,-67,-72.6,3.3,-20.1,-16.4
20170214173433310,0.8,-0.7,0.3,14.1,-67,-72.6,3.3,-20.1,-16.4
20170214173433310,0.8,-0.7,0.3,14.1,-67,-72.6,3.3,-20.1,-16.4
20170214173433310,0.8,-0.7,0.3,14.1,-67,-72.6,3.3,-20.1,-16.4
20170214173434303,0.8,-0.6,0.1,17.2,-68.1,-73.3,-20.8,81.7,-46.2
20170214173434304,0.8,-0.6,0.1,17.2,-68.1,-73.3,-20.8,81.7,-46.2
20170214173434304,0.8,-0.6,0.1,17.2,-68.1,-73.3,-20.8,81.7,-46.2
20170214173434304,0.8,-0.6,0.1,17.2,-68.1,-73.3,-20.8,81.7,-46.2
20170214173434304,0.8,-0.6,0.1,17.2,-68.1,-73.3,-20.8,81.7,-46.2
20170214173434304,0.8,-0.6,0.1,17.2,-68.1,-73.3,-20.8,81.7,-46.2
20170214173434304,0.8,-0.6,0.1,17.2,-68.1,-73.3,-20.8,81.7,-46.2
20170214173434304,0.8,-0.6,0.1,17.2,-68.1,-73.3,-20.8,81.7,-46.2
20170214173434304,0.8,-0.6,0.1,17.2,-68.1,-73.3,-20.8,81.7,-46.2
20170214173435297,0.8,-0.3,0.4,15,-65.4,-69.7,0.4,-6.2,-6.8
20170214173435297,0.8,-0.3,0.4,15,-65.4,-69.7,0.4,-6.2,-6.8
20170214173435298,0.8,-0.3,0.4,15,-65.4,-69.7,0.4,-6.2,-6.8
20170214173435298,0.8,-0.3,0.4,15,-65.4,-69.7,0.4,-6.2,-6.8
20170214173435298,0.8,-0.3,0.4,15,-65.4,-69.7,0.4,-6.2,-6.8
20170214173435298,0.8,-0.3,0.4,15,-65.4,-69.7,0.4,-6.2,-6.8
20170214173435298,0.8,-0.3,0.4,15,-65.4,-69.7,0.4,-6.2,-6.8
20170214173435298,0.8,-0.3,0.4,15,-65.4,-69.7,0.4,-6.2,-6.8
20170214173435298,0.8,-0.3,0.4,15,-65.4,-69.7,0.4,-6.2,-6.8
20170214173436291,0.7,-0.6,0.1,16,-68.2,-84.7,8.8,-6.8,16.1
20170214173436291,0.7,-0.6,0.1,16,-68.2,-84.7,8.8,-6.8,16.1
20170214173436291,0.7,-0.6,0.1,16,-68.2,-84.7,8.8,-6.8,16.1
20170214173436291,0.7,-0.6,0.1,16,-68.2,-84.7,8.8,-6.8,16.1
20170214173436291,0.7,-0.6,0.1,16,-68.2,-84.7,8.8,-6.8,16.1
20170214173436291,0.7,-0.6,0.1,16,-68.2,-84.7,8.8,-6.8,16.1
20170214173436291,0.7,-0.6,0.1,16,-68.2,-84.7,8.8,-6.8,16.1
20170214173436291,0.7,-0.6,0.1,16,-68.2,-84.7,8.8,-6.8,16.1
20170214173436292,0.7,-0.6,0.1,16,-68.2,-84.7,8.8,-6.8,16.1
20170214173437285,0.7,-0.7,0.3,-2.7,-71.1,-77.5,1,10.4,-1.4
20170214173437285,0.7,-0.7,0.3,-2.7,-71.1,-77.5,1,10.4,-1.4
20170214173437285,0.7,-0.7,0.3,-2.7,-71.1,-77.5,1,10.4,-1.4
20170214173437285,0.7,-0.7,0.3,-2.7,-71.1,-77.5,1,10.4,-1.4
20170214173437285,0.7,-0.7,0.3,-2.7,-71.1,-77.5,1,10.4,-1.4
20170214173437285,0.7,-0.7,0.3,-2.7,-71.1,-77.5,1,10.4,-1.4
20170214173437285,0.7,-0.7,0.3,-2.7,-71.1,-77.5,1,10.4,-1.4
20170214173437285,0.7,-0.7,0.3,-2.7,-71.1,-77.5,1,10.4,-1.4
20170214173437285,0.7,-0.7,0.3,-2.7,-71.1,-77.5,1,10.4,-1.4
20170214173438279,0.7,-0.7,0.4,13.2,-70,-86.8,-8.6,6.4,-9.8
20170214173438279,0.7,-0.7,0.4,13.2,-70,-86.8,-8.6,6.4,-9.8
20170214173438279,0.7,-0.7,0.4,13.2,-70,-86.8,-8.6,6.4,-9.8
20170214173438279,0.7,-0.7,0.4,13.2,-70,-86.8,-8.6,6.4,-9.8
20170214173438279,0.7,-0.7,0.4,13.2,-70,-86.8,-8.6,6.4,-9.8
20170214173438279,0.7,-0.7,0.4,13.2,-70,-86.8,-8.6,6.4,-9.8
20170214173438279,0.7,-0.7,0.4,13.2,-70,-86.8,-8.6,6.4,-9.8
20170214173438279,0.7,-0.7,0.4,13.2,-70,-86.8,-8.6,6.4,-9.8
20170214173438279,0.7,-0.7,0.4,13.2,-70,-86.8,-8.6,6.4,-9.8
20170214173439272,0.7,-0.6,0.2,17.5,-65.5,-72.3,14.4,13.2,-1.8
20170214173439272,0.7,-0.6,0.2,17.5,-65.5,-72.3,14.4,13.2,-1.8
20170214173439272,0.7,-0.6,0.2,17.5,-65.5,-72.3,14.4,13.2,-1.8
20170214173439272,0.7,-0.6,0.2,17.5,-65.5,-72.3,14.4,13.2,-1.8
20170214173439273,0.7,-0.6,0.2,17.5,-65.5,-72.3,14.4,13.2,-1.8
20170214173439273,0.7,-0.6,0.2,17.5,-65.5,-72.3,14.4,13.2,-1.8
20170214173439273,0.7,-0.6,0.2,17.5,-65.5,-72.3,14.4,13.2,-1.8
20170214173439273,0.7,-0.6,0.2,17.5,-65.5,-72.3,14.4,13.2,-1.8
20170214173439273,0.7,-0.6,0.2,17.5,-65.5,-72.3,14.4,13.2,-1.8
20170214173440266,0.9,-0.4,0.2,15.3,-66.9,-74.1,-21.1,-51.8,-5.5
20170214173440266,0.9,-0.4,0.2,15.3,-66.9,-74.1,-21.1,-51.8,-5.5
20170214173440267,0.9,-0.4,0.2,15.3,-66.9,-74.1,-21.1,-51.8,-5.5
20170214173440267,0.9,-0.4,0.2,15.3,-66.9,-74.1,-21.1,-51.8,-5.5
20170214173440267,0.9,-0.4,0.2,15.3,-66.9,-74.1,-21.1,-51.8,-5.5
20170214173440267,0.9,-0.4,0.2,15.3,-66.9,-74.1,-21.1,-51.8,-5.5
20170214173440267,0.9,-0.4,0.2,15.3,-66.9,-74.1,-21.1,-51.8,-5.5
20170214173440267,0.9,-0.4,0.2,15.3,-66.9,-74.1,-21.1,-51.8,-5.5
20170214173440267,0.9,-0.4,0.2,15.3,-66.9,-74.1,-21.1,-51.8,-5.5
20170214173441260,0.8,-0.5,-0.2,10.6,-69.3,-88.1,-7.8,-3.5,-1.3
20170214173441260,0.8,-0.5,-0.2,10.6,-69.3,-88.1,-7.8,-3.5,-1.3
20170214173441260,0.8,-0.5,-0.2,10.6,-69.3,-88.1,-7.8,-3.5,-1.3
20170214173441260,0.8,-0.5,-0.2,10.6,-69.3,-88.1,-7.8,-3.5,-1.3
20170214173441260,0.8,-0.5,-0.2,10.6,-69.3,-88.1,-7.8,-3.5,-1.3
20170214173441260,0.8,-0.5,-0.2,10.6,-69.3,-88.1,-7.8,-3.5,-1.3
20170214173441260,0.8,-0.5,-0.2,10.6,-69.3,-88.1,-7.8,-3.5,-1.3
20170214173441260,0.8,-0.5,-0.2,10.6,-69.3,-88.1,-7.8,-3.5,-1.3
20170214173441260,0.8,-0.5,-0.2,10.6,-69.3,-88.1,-7.8,-3.5,-1.3
20170214173442253,0.4,0,1.2,0,-74.8,-96.2,77.9,73.2,30.1
20170214173442254,0.4,0,1.2,0,-74.8,-96.2,77.9,73.2,30.1
20170214173442254,0.4,0,1.2,0,-74.8,-96.2,77.9,73.2,30.1
20170214173442254,0.4,0,1.2,0,-74.8,-96.2,77.9,73.2,30.1
20170214173442254,0.4,0,1.2,0,-74.8,-96.2,77.9,73.2,30.1
20170214173442254,0.4,0,1.2,0,-74.8,-96.2,77.9,73.2,30.1
20170214173442254,0.4,0,1.2,0,-74.8,-96.2,77.9,73.2,30.1
20170214173442254,0.4,0,1.2,0,-74.8,-96.2,77.9,73.2,30.1
20170214173442254,0.4,0,1.2,0,-74.8,-96.2,77.9,73.2,30.1
20170214173443247,0,0,1.1,7.5,-72.6,-108.4,73.8,147.9,19.5
20170214173443247,0,0,1.1,7.5,-72.6,-108.4,73.8,147.9,19.5
20170214173443247,0,0,1.1,7.5,-72.6,-108.4,73.8,147.9,19.5
20170214173443247,0,0,1.1,7.5,-72.6,-108.4,73.8,147.9,19.5
20170214173443247,0,0,1.1,7.5,-72.6,-108.4,73.8,147.9,19.5
20170214173443247,0,0,1.1,7.5,-72.6,-108.4,73.8,147.9,19.5
20170214173443247,0,0,1.1,7.5,-72.6,-108.4,73.8,147.9,19.5
20170214173443247,0,0,1.1,7.5,-72.6,-108.4,73.8,147.9,19.5
20170214173443248,0,0,1.1,7.5,-72.6,-108.4,73.8,147.9,19.5
20170214173444242,0,0,1.1,-21.4,-51.6,-52.9,1.5,0.6,-1.8
20170214173444242,0,0,1.1,-21.4,-51.6,-52.9,1.5,0.6,-1.8
20170214173444242,0,0,1.1,-21.4,-51.6,-52.9,1.5,0.6,-1.8
20170214173444242,0,0,1.1,-21.4,-51.6,-52.9,1.5,0.6,-1.8
20170214173444242,0,0,1.1,-21.4,-51.6,-52.9,1.5,0.6,-1.8
20170214173444242,0,0,1.1,-21.4,-51.6,-52.9,1.5,0.6,-1.8
20170214173444242,0,0,1.1,-21.4,-51.6,-52.9,1.5,0.6,-1.8
20170214173444242,0,0,1.1,-21.4,-51.6,-52.9,1.5,0.6,-1.8
20170214173444242,0,0,1.1,-21.4,-51.6,-52.9,1.5,0.6,-1.8
20170214173445235,0,0,1,-13.6,-44.1,-48.9,0.4,1.1,-3.6
20170214173445235,0,0,1,-13.6,-44.1,-48.9,0.4,1.1,-3.6
20170214173445235,0,0,1,-13.6,-44.1,-48.9,0.4,1.1,-3.6
20170214173445235,0,0,1,-13.6,-44.1,-48.9,0.4,1.1,-3.6
20170214173445235,0,0,1,-13.6,-44.1,-48.9,0.4,1.1,-3.6
20170214173445235,0,0,1,-13.6,-44.1,-48.9,0.4,1.1,-3.6
20170214173445235,0,0,1,-13.6,-44.1,-48.9,0.4,1.1,-3.6
20170214173445235,0,0,1,-13.6,-44.1,-48.9,0.4,1.1,-3.6
20170214173445235,0,0,1,-13.6,-44.1,-48.9,0.4,1.1,-3.6
20170214173446229,0,0,1,-13.9,-45.3,-47.7,1,1,-2.7
20170214173446229,0,0,1,-13.9,-45.3,-47.7,1,1,-2.7
20170214173446229,0,0,1,-13.9,-45.3,-47.7,1,1,-2.7
20170214173446229,0,0,1,-13.9,-45.3,-47.7,1,1,-2.7
20170214173446229,0,0,1,-13.9,-45.3,-47.7,1,1,-2.7
20170214173446229,0,0,1,-13.9,-45.3,-47.7,1,1,-2.7
20170214173446229,0,0,1,-13.9,-45.3,-47.7,1,1,-2.7
20170214173446229,0,0,1,-13.9,-45.3,-47.7,1,1,-2.7
20170214173446229,0,0,1,-13.9,-45.3,-47.7,1,1,-2.7
20170214173447222,0,0,1.1,-13,-46.9,-48.4,1.6,1.4,-2.5
20170214173447222,0,0,1.1,-13,-46.9,-48.4,1.6,1.4,-2.5
20170214173447222,0,0,1.1,-13,-46.9,-48.4,1.6,1.4,-2.5
20170214173447222,0,0,1.1,-13,-46.9,-48.4,1.6,1.4,-2.5
20170214173447222,0,0,1.1,-13,-46.9,-48.4,1.6,1.4,-2.5
20170214173447222,0,0,1.1,-13,-46.9,-48.4,1.6,1.4,-2.5
20170214173447222,0,0,1.1,-13,-46.9,-48.4,1.6,1.4,-2.5
20170214173447223,0,0,1.1,-13,-46.9,-48.4,1.6,1.4,-2.5
20170214173447223,0,0,1.1,-13,-46.9,-48.4,1.6,1.4,-2.5
20170214173448216,0,0,0.9,-14.7,-44.1,-49.2,1.8,0.2,-3.1
20170214173448216,0,0,0.9,-14.7,-44.1,-49.2,1.8,0.2,-3.1
20170214173448216,0,0,0.9,-14.7,-44.1,-49.2,1.8,0.2,-3.1
20170214173448216,0,0,0.9,-14.7,-44.1,-49.2,1.8,0.2,-3.1
20170214173448216,0,0,0.9,-14.7,-44.1,-49.2,1.8,0.2,-3.1
20170214173448216,0,0,0.9,-14.7,-44.1,-49.2,1.8,0.2,-3.1
20170214173448216,0,0,0.9,-14.7,-44.1,-49.2,1.8,0.2,-3.1
20170214173448216,0,0,0.9,-14.7,-44.1,-49.2,1.8,0.2,-3.1
20170214173448216,0,0,0.9,-14.7,-44.1,-49.2,1.8,0.2,-3.1
20170214173449210,0.1,0,1.1,-13.6,-43.3,-47.8,0.4,0.1,-5.7
20170214173449210,0.1,0,1.1,-13.6,-43.3,-47.8,0.4,0.1,-5.7
20170214173449210,0.1,0,1.1,-13.6,-43.3,-47.8,0.4,0.1,-5.7
20170214173449210,0.1,0,1.1,-13.6,-43.3,-47.8,0.4,0.1,-5.7
20170214173449210,0.1,0,1.1,-13.6,-43.3,-47.8,0.4,0.1,-5.7
20170214173449210,0.1,0,1.1,-13.6,-43.3,-47.8,0.4,0.1,-5.7
20170214173449210,0.1,0,1.1,-13.6,-43.3,-47.8,0.4,0.1,-5.7
20170214173449210,0.1,0,1.1,-13.6,-43.3,-47.8,0.4,0.1,-5.7
20170214173449210,0.1,0,1.1,-13.6,-43.3,-47.8,0.4,0.1,-5.7
20170214173450203,0.1,0,1,-14.1,-45.1,-46.8,0.9,1.5,-2.7
20170214173450203,0.1,0,1,-14.1,-45.1,-46.8,0.9,1.5,-2.7
20170214173450203,0.1,0,1,-14.1,-45.1,-46.8,0.9,1.5,-2.7
20170214173450203,0.1,0,1,-14.1,-45.1,-46.8,0.9,1.5,-2.7
20170214173450204,0.1,0,1,-14.1,-45.1,-46.8,0.9,1.5,-2.7
20170214173450204,0.1,0,1,-14.1,-45.1,-46.8,0.9,1.5,-2.7
20170214173450204,0.1,0,1,-14.1,-45.1,-46.8,0.9,1.5,-2.7
20170214173450204,0.1,0,1,-14.1,-45.1,-46.8,0.9,1.5,-2.7
20170214173450204,0.1,0,1,-14.1,-45.1,-46.8,0.9,1.5,-2.7
20170214173451197,0,0,1,-15.3,-46.3,-48.6,2.2,1.6,-3.3
20170214173451197,0,0,1,-15.3,-46.3,-48.6,2.2,1.6,-3.3
20170214173451197,0,0,1,-15.3,-46.3,-48.6,2.2,1.6,-3.3
20170214173451197,0,0,1,-15.3,-46.3,-48.6,2.2,1.6,-3.3
20170214173451197,0,0,1,-15.3,-46.3,-48.6,2.2,1.6,-3.3
20170214173451197,0,0,1,-15.3,-46.3,-48.6,2.2,1.6,-3.3
20170214173451197,0,0,1,-15.3,-46.3,-48.6,2.2,1.6,-3.3
20170214173451197,0,0,1,-15.3,-46.3,-48.6,2.2,1.6,-3.3
20170214173451197,0,0,1,-15.3,-46.3,-48.6,2.2,1.6,-3.3
20170214173452191,0,0,1.1,-13.6,-45.1,-47.1,1.8,0.9,-4.2
20170214173452191,0,0,1.1,-13.6,-45.1,-47.1,1.8,0.9,-4.2
20170214173452191,0,0,1.1,-13.6,-45.1,-47.1,1.8,0.9,-4.2
20170214173452191,0,0,1.1,-13.6,-45.1,-47.1,1.8,0.9,-4.2
20170214173452191,0,0,1.1,-13.6,-45.1,-47.1,1.8,0.9,-4.2
20170214173452191,0,0,1.1,-13.6,-45.1,-47.1,1.8,0.9,-4.2
20170214173452192,0,0,1.1,-13.6,-45.1,-47.1,1.8,0.9,-4.2
20170214173452192,0,0,1.1,-13.6,-45.1,-47.1,1.8,0.9,-4.2
20170214173452192,0,0,1.1,-13.6,-45.1,-47.1,1.8,0.9,-4.2
