07 Mar 2017, 14:53:35,Pending
07 Mar 2017, 14:53:35,Bad
07 Mar 2017, 14:53:35,Bad
07 Mar 2017, 14:53:35,Bad
07 Mar 2017, 14:53:35,Bad
07 Mar 2017, 14:53:35,Bad
07 Mar 2017, 14:53:35,Bad
07 Mar 2017, 14:53:35,Bad
07 Mar 2017, 14:53:35,Bad
07 Mar 2017, 14:53:35,Bad
07 Mar 2017, 14:53:35,Bad
07 Mar 2017, 14:53:36,Bad
07 Mar 2017, 14:53:36,Bad
07 Mar 2017, 14:53:36,Bad
07 Mar 2017, 14:53:36,Bad
07 Mar 2017, 14:53:36,Bad
07 Mar 2017, 14:53:36,Bad
07 Mar 2017, 14:53:36,Bad
07 Mar 2017, 14:53:36,Bad
07 Mar 2017, 14:53:36,Bad
07 Mar 2017, 14:53:36,Bad
07 Mar 2017, 14:53:36,Bad
07 Mar 2017, 14:53:36,Bad
07 Mar 2017, 14:53:36,Bad
07 Mar 2017, 14:53:36,Bad
07 Mar 2017, 14:53:36,Bad
07 Mar 2017, 14:53:36,Bad
07 Mar 2017, 14:53:36,Bad
07 Mar 2017, 14:53:36,Bad
07 Mar 2017, 14:53:36,Bad
07 Mar 2017, 14:53:36,Bad
07 Mar 2017, 14:53:36,Bad
07 Mar 2017, 14:53:36,Bad
07 Mar 2017, 14:53:36,Bad
07 Mar 2017, 14:53:36,Bad
07 Mar 2017, 14:53:36,Bad
07 Mar 2017, 14:53:36,Bad
07 Mar 2017, 14:53:36,Bad
07 Mar 2017, 14:53:36,Bad
07 Mar 2017, 14:53:36,Bad
07 Mar 2017, 14:53:36,Bad
07 Mar 2017, 14:53:36,Bad
07 Mar 2017, 14:53:36,Bad
07 Mar 2017, 14:53:36,Bad
07 Mar 2017, 14:53:36,Bad
07 Mar 2017, 14:53:37,Bad
07 Mar 2017, 14:53:37,Bad
07 Mar 2017, 14:53:37,Bad
07 Mar 2017, 14:53:37,Bad
07 Mar 2017, 14:53:37,Bad
07 Mar 2017, 14:53:37,Bad
07 Mar 2017, 14:53:37,Bad
07 Mar 2017, 14:53:37,Bad
07 Mar 2017, 14:53:37,Bad
07 Mar 2017, 14:53:37,Bad
07 Mar 2017, 14:53:37,Bad
07 Mar 2017, 14:53:37,Bad
07 Mar 2017, 14:53:37,Bad
07 Mar 2017, 14:53:37,Bad
07 Mar 2017, 14:53:37,Bad
07 Mar 2017, 14:53:37,Bad
07 Mar 2017, 14:53:37,Bad
07 Mar 2017, 14:53:37,Bad
07 Mar 2017, 14:53:37,Bad
07 Mar 2017, 14:53:37,Bad
07 Mar 2017, 14:53:37,Bad
07 Mar 2017, 14:53:37,Bad
07 Mar 2017, 14:53:37,Bad
07 Mar 2017, 14:53:37,Bad
07 Mar 2017, 14:53:37,Bad
07 Mar 2017, 14:53:37,Bad
07 Mar 2017, 14:53:37,Bad
07 Mar 2017, 14:53:37,Bad
07 Mar 2017, 14:53:37,Bad
07 Mar 2017, 14:53:37,Bad
07 Mar 2017, 14:53:37,Bad
07 Mar 2017, 14:53:37,Bad
07 Mar 2017, 14:53:37,Bad
07 Mar 2017, 14:53:37,Bad
07 Mar 2017, 14:53:37,Bad
07 Mar 2017, 14:53:37,Bad
07 Mar 2017, 14:53:38,Bad
07 Mar 2017, 14:53:38,Bad
07 Mar 2017, 14:53:38,Bad
07 Mar 2017, 14:53:38,Bad
07 Mar 2017, 14:53:38,Bad
07 Mar 2017, 14:53:38,Bad
07 Mar 2017, 14:53:38,Bad
07 Mar 2017, 14:53:38,Bad
07 Mar 2017, 14:53:38,Bad
07 Mar 2017, 14:53:38,Bad
07 Mar 2017, 14:53:38,Bad
07 Mar 2017, 14:53:38,Bad
07 Mar 2017, 14:53:38,Bad
07 Mar 2017, 14:53:38,Bad
07 Mar 2017, 14:53:38,Bad
07 Mar 2017, 14:53:38,Bad
07 Mar 2017, 14:53:38,Bad
07 Mar 2017, 14:53:38,Bad
07 Mar 2017, 14:53:38,Bad
07 Mar 2017, 14:53:38,Bad
07 Mar 2017, 14:53:38,Bad
07 Mar 2017, 14:53:38,Bad
07 Mar 2017, 14:53:38,Bad
07 Mar 2017, 14:53:38,Bad
07 Mar 2017, 14:53:38,Bad
07 Mar 2017, 14:53:38,Bad
07 Mar 2017, 14:53:38,Bad
07 Mar 2017, 14:53:38,Bad
07 Mar 2017, 14:53:38,Bad
07 Mar 2017, 14:53:38,Bad
07 Mar 2017, 14:53:38,Bad
07 Mar 2017, 14:53:38,Bad
07 Mar 2017, 14:53:38,Bad
07 Mar 2017, 14:53:38,Bad
07 Mar 2017, 14:53:38,Bad
07 Mar 2017, 14:53:38,Bad
07 Mar 2017, 14:53:39,Bad
07 Mar 2017, 14:53:39,Bad
07 Mar 2017, 14:53:39,Bad
07 Mar 2017, 14:53:39,Bad
07 Mar 2017, 14:53:39,Bad
07 Mar 2017, 14:53:39,Bad
07 Mar 2017, 14:53:39,Bad
07 Mar 2017, 14:53:39,Bad
07 Mar 2017, 14:53:39,Bad
07 Mar 2017, 14:53:39,Bad
07 Mar 2017, 14:53:39,Bad
07 Mar 2017, 14:53:39,Bad
07 Mar 2017, 14:53:39,Bad
07 Mar 2017, 14:53:39,Bad
07 Mar 2017, 14:53:39,Bad
07 Mar 2017, 14:53:39,Bad
07 Mar 2017, 14:53:39,Bad
07 Mar 2017, 14:53:39,Bad
07 Mar 2017, 14:53:39,Bad
07 Mar 2017, 14:53:39,Bad
07 Mar 2017, 14:53:39,Bad
07 Mar 2017, 14:53:39,Bad
07 Mar 2017, 14:53:39,Bad
07 Mar 2017, 14:53:39,Bad
07 Mar 2017, 14:53:39,Bad
07 Mar 2017, 14:53:39,Bad
07 Mar 2017, 14:53:39,Bad
07 Mar 2017, 14:53:39,Bad
07 Mar 2017, 14:53:39,Bad
07 Mar 2017, 14:53:39,Bad
07 Mar 2017, 14:53:39,Bad
07 Mar 2017, 14:53:39,Bad
07 Mar 2017, 14:53:39,Bad
07 Mar 2017, 14:53:39,Bad
07 Mar 2017, 14:53:39,Bad
07 Mar 2017, 14:53:40,Bad
07 Mar 2017, 14:53:40,Bad
07 Mar 2017, 14:53:40,Bad
07 Mar 2017, 14:53:40,Bad
07 Mar 2017, 14:53:40,Bad
07 Mar 2017, 14:53:40,Bad
07 Mar 2017, 14:53:40,Bad
07 Mar 2017, 14:53:40,Bad
07 Mar 2017, 14:53:40,Bad
07 Mar 2017, 14:53:40,Bad
07 Mar 2017, 14:53:40,Bad
07 Mar 2017, 14:53:40,Bad
07 Mar 2017, 14:53:40,Bad
07 Mar 2017, 14:53:40,Bad
07 Mar 2017, 14:53:40,Bad
07 Mar 2017, 14:53:40,Bad
07 Mar 2017, 14:53:40,Bad
07 Mar 2017, 14:53:40,Bad
07 Mar 2017, 14:53:40,Bad
07 Mar 2017, 14:53:40,Good
07 Mar 2017, 14:53:40,Good
07 Mar 2017, 14:53:40,Good
07 Mar 2017, 14:53:40,Good
07 Mar 2017, 14:53:40,Good
07 Mar 2017, 14:53:40,Good
07 Mar 2017, 14:53:40,Good
07 Mar 2017, 14:53:40,Good
07 Mar 2017, 14:53:40,Good
07 Mar 2017, 14:53:40,Good
07 Mar 2017, 14:53:41,Good
07 Mar 2017, 14:53:41,Good
07 Mar 2017, 14:53:41,Good
07 Mar 2017, 14:53:41,Good
07 Mar 2017, 14:53:41,Good
07 Mar 2017, 14:53:41,Good
07 Mar 2017, 14:53:41,Good
07 Mar 2017, 14:53:41,Good
07 Mar 2017, 14:53:41,Good
07 Mar 2017, 14:53:41,Pending
07 Mar 2017, 14:53:41,Pending
07 Mar 2017, 14:53:41,Bad
07 Mar 2017, 14:53:41,Bad
07 Mar 2017, 14:53:41,Bad
07 Mar 2017, 14:53:41,Bad
07 Mar 2017, 14:53:41,Bad
07 Mar 2017, 14:53:41,Bad
07 Mar 2017, 14:53:41,Bad
07 Mar 2017, 14:53:41,Bad
07 Mar 2017, 14:53:41,Bad
07 Mar 2017, 14:53:41,Bad
07 Mar 2017, 14:53:41,Bad
07 Mar 2017, 14:53:41,Bad
07 Mar 2017, 14:53:41,Bad
07 Mar 2017, 14:53:41,Bad
07 Mar 2017, 14:53:41,Bad
07 Mar 2017, 14:53:41,Bad
07 Mar 2017, 14:53:41,Bad
07 Mar 2017, 14:53:41,Bad
07 Mar 2017, 14:53:41,Bad
07 Mar 2017, 14:53:41,Bad
07 Mar 2017, 14:53:41,Bad
07 Mar 2017, 14:53:41,Bad
07 Mar 2017, 14:53:41,Bad
07 Mar 2017, 14:53:42,Bad
07 Mar 2017, 14:53:42,Bad
07 Mar 2017, 14:53:42,Bad
07 Mar 2017, 14:53:42,Bad
07 Mar 2017, 14:53:42,Bad
07 Mar 2017, 14:53:42,Bad
07 Mar 2017, 14:53:42,Bad
07 Mar 2017, 14:53:42,Bad
07 Mar 2017, 14:53:42,Bad
07 Mar 2017, 14:53:42,Good
07 Mar 2017, 14:53:42,Good
07 Mar 2017, 14:53:42,Good
07 Mar 2017, 14:53:42,Good
07 Mar 2017, 14:53:42,Good
07 Mar 2017, 14:53:42,Good
07 Mar 2017, 14:53:42,Good
07 Mar 2017, 14:53:42,Pending
07 Mar 2017, 14:53:42,Pending
07 Mar 2017, 14:53:42,Bad
07 Mar 2017, 14:53:42,Bad
07 Mar 2017, 14:53:42,Bad
07 Mar 2017, 14:53:42,Bad
07 Mar 2017, 14:53:42,Good
07 Mar 2017, 14:53:42,Good
07 Mar 2017, 14:53:42,Good
07 Mar 2017, 14:53:42,Good
07 Mar 2017, 14:53:42,Good
07 Mar 2017, 14:53:42,Good
07 Mar 2017, 14:53:42,Good
07 Mar 2017, 14:53:42,Good
07 Mar 2017, 14:53:42,Good
07 Mar 2017, 14:53:42,Good
07 Mar 2017, 14:53:42,Good
07 Mar 2017, 14:53:42,Good
07 Mar 2017, 14:53:43,Good
07 Mar 2017, 14:53:43,Good
07 Mar 2017, 14:53:43,Good
07 Mar 2017, 14:53:43,Good
07 Mar 2017, 14:53:43,Good
07 Mar 2017, 14:53:43,Good
07 Mar 2017, 14:53:43,Good
07 Mar 2017, 14:53:43,Good
07 Mar 2017, 14:53:43,Good
07 Mar 2017, 14:53:43,Good
07 Mar 2017, 14:53:43,Good
07 Mar 2017, 14:53:43,Good
07 Mar 2017, 14:53:43,Good
07 Mar 2017, 14:53:43,Good
07 Mar 2017, 14:53:43,Good
07 Mar 2017, 14:53:43,Pending
07 Mar 2017, 14:53:43,Pending
07 Mar 2017, 14:53:43,Bad
07 Mar 2017, 14:53:43,Bad
07 Mar 2017, 14:53:43,Bad
07 Mar 2017, 14:53:43,Bad
07 Mar 2017, 14:53:43,Bad
07 Mar 2017, 14:53:43,Bad
07 Mar 2017, 14:53:43,Bad
07 Mar 2017, 14:53:43,Bad
07 Mar 2017, 14:53:43,Bad
07 Mar 2017, 14:53:43,Bad
07 Mar 2017, 14:53:43,Bad
07 Mar 2017, 14:53:43,Bad
07 Mar 2017, 14:53:43,Bad
07 Mar 2017, 14:53:43,Bad
07 Mar 2017, 14:53:43,Bad
07 Mar 2017, 14:53:43,Bad
07 Mar 2017, 14:53:44,Bad
07 Mar 2017, 14:53:44,Bad
07 Mar 2017, 14:53:44,Bad
07 Mar 2017, 14:53:44,Bad
07 Mar 2017, 14:53:44,Bad
07 Mar 2017, 14:53:44,Bad
07 Mar 2017, 14:53:44,Bad
07 Mar 2017, 14:53:44,Bad
07 Mar 2017, 14:53:44,Bad
07 Mar 2017, 14:53:44,Good
07 Mar 2017, 14:53:44,Good
07 Mar 2017, 14:53:44,Good
07 Mar 2017, 14:53:44,Good
07 Mar 2017, 14:53:44,Good
07 Mar 2017, 14:53:44,Good
07 Mar 2017, 14:53:44,Good
07 Mar 2017, 14:53:44,Good
07 Mar 2017, 14:53:44,Good
07 Mar 2017, 14:53:44,Good
07 Mar 2017, 14:53:44,Good
07 Mar 2017, 14:53:44,Good
07 Mar 2017, 14:53:44,Good
07 Mar 2017, 14:53:44,Good
07 Mar 2017, 14:53:44,Good
07 Mar 2017, 14:53:44,Good
07 Mar 2017, 14:53:44,Good
07 Mar 2017, 14:53:44,Good
07 Mar 2017, 14:53:44,Good
07 Mar 2017, 14:53:44,Good
07 Mar 2017, 14:53:44,Good
07 Mar 2017, 14:53:44,Good
07 Mar 2017, 14:53:44,Good
07 Mar 2017, 14:53:44,Good
07 Mar 2017, 14:53:44,Good
07 Mar 2017, 14:53:45,Good
07 Mar 2017, 14:53:45,Good
07 Mar 2017, 14:53:45,Good
07 Mar 2017, 14:53:45,Good
07 Mar 2017, 14:53:45,Good
07 Mar 2017, 14:53:45,Good
07 Mar 2017, 14:53:45,Good
07 Mar 2017, 14:53:45,Good
07 Mar 2017, 14:53:45,Good
07 Mar 2017, 14:53:45,Good
07 Mar 2017, 14:53:45,Good
07 Mar 2017, 14:53:45,Good
07 Mar 2017, 14:53:45,Good
07 Mar 2017, 14:53:45,Good
07 Mar 2017, 14:53:45,Good
07 Mar 2017, 14:53:45,Good
07 Mar 2017, 14:53:45,Good
07 Mar 2017, 14:53:45,Good
07 Mar 2017, 14:53:45,Good
07 Mar 2017, 14:53:45,Good
07 Mar 2017, 14:53:45,Good
07 Mar 2017, 14:53:45,Good
07 Mar 2017, 14:53:45,Good
07 Mar 2017, 14:53:45,Good
07 Mar 2017, 14:53:45,Good
07 Mar 2017, 14:53:45,Good
07 Mar 2017, 14:53:45,Good
07 Mar 2017, 14:53:45,Good
07 Mar 2017, 14:53:45,Good
07 Mar 2017, 14:53:45,Good
07 Mar 2017, 14:53:45,Good
07 Mar 2017, 14:53:45,Good
07 Mar 2017, 14:53:45,Good
07 Mar 2017, 14:53:45,Good
07 Mar 2017, 14:53:46,Good
07 Mar 2017, 14:53:46,Good
07 Mar 2017, 14:53:46,Good
07 Mar 2017, 14:53:46,Good
07 Mar 2017, 14:53:46,Good
07 Mar 2017, 14:53:46,Good
07 Mar 2017, 14:53:46,Good
07 Mar 2017, 14:53:46,Good
07 Mar 2017, 14:53:46,Good
07 Mar 2017, 14:53:46,Good
07 Mar 2017, 14:53:46,Good
07 Mar 2017, 14:53:46,Good
07 Mar 2017, 14:53:46,Good
07 Mar 2017, 14:53:46,Good
07 Mar 2017, 14:53:46,Good
07 Mar 2017, 14:53:46,Good
07 Mar 2017, 14:53:46,Good
07 Mar 2017, 14:53:46,Good
07 Mar 2017, 14:53:46,Good
07 Mar 2017, 14:53:46,Good
07 Mar 2017, 14:53:46,Good
07 Mar 2017, 14:53:46,Good
07 Mar 2017, 14:53:46,Good
07 Mar 2017, 14:53:46,Good
07 Mar 2017, 14:53:46,Good
07 Mar 2017, 14:53:46,Good
07 Mar 2017, 14:53:46,Good
07 Mar 2017, 14:53:46,Good
07 Mar 2017, 14:53:46,Good
07 Mar 2017, 14:53:46,Good
07 Mar 2017, 14:53:46,Good
07 Mar 2017, 14:53:46,Good
07 Mar 2017, 14:53:46,Good
07 Mar 2017, 14:53:47,Good
07 Mar 2017, 14:53:47,Good
07 Mar 2017, 14:53:47,Good
07 Mar 2017, 14:53:47,Good
07 Mar 2017, 14:53:47,Good
07 Mar 2017, 14:53:47,Good
07 Mar 2017, 14:53:47,Good
07 Mar 2017, 14:53:47,Good
07 Mar 2017, 14:53:47,Good
07 Mar 2017, 14:53:47,Good
07 Mar 2017, 14:53:47,Good
07 Mar 2017, 14:53:47,Good
07 Mar 2017, 14:53:47,Good
07 Mar 2017, 14:53:47,Good
07 Mar 2017, 14:53:47,Good
07 Mar 2017, 14:53:47,Good
07 Mar 2017, 14:53:47,Good
07 Mar 2017, 14:53:47,Good
07 Mar 2017, 14:53:47,Good
07 Mar 2017, 14:53:47,Good
07 Mar 2017, 14:53:47,Good
07 Mar 2017, 14:53:47,Good
07 Mar 2017, 14:53:47,Good
07 Mar 2017, 14:53:47,Good
07 Mar 2017, 14:53:47,Good
07 Mar 2017, 14:53:47,Good
07 Mar 2017, 14:53:47,Good
07 Mar 2017, 14:53:47,Good
07 Mar 2017, 14:53:47,Good
07 Mar 2017, 14:53:47,Good
07 Mar 2017, 14:53:47,Good
07 Mar 2017, 14:53:48,Good
07 Mar 2017, 14:53:48,Good
07 Mar 2017, 14:53:48,Good
07 Mar 2017, 14:53:48,Good
07 Mar 2017, 14:53:48,Good
07 Mar 2017, 14:53:48,Good
07 Mar 2017, 14:53:48,Good
07 Mar 2017, 14:53:48,Good
07 Mar 2017, 14:53:48,Good
07 Mar 2017, 14:53:48,Good
07 Mar 2017, 14:53:48,Good
07 Mar 2017, 14:53:48,Pending
07 Mar 2017, 14:53:48,Pending
07 Mar 2017, 14:53:48,Bad
07 Mar 2017, 14:53:48,Bad
07 Mar 2017, 14:53:48,Bad
07 Mar 2017, 14:53:48,Bad
07 Mar 2017, 14:53:48,Bad
07 Mar 2017, 14:53:48,Bad
07 Mar 2017, 14:53:48,Bad
07 Mar 2017, 14:53:48,Bad
07 Mar 2017, 14:53:48,Bad
07 Mar 2017, 14:53:48,Bad
07 Mar 2017, 14:53:48,Bad
07 Mar 2017, 14:53:48,Bad
07 Mar 2017, 14:53:48,Bad
07 Mar 2017, 14:53:48,Bad
07 Mar 2017, 14:53:48,Bad
07 Mar 2017, 14:53:48,Bad
07 Mar 2017, 14:53:49,Bad
07 Mar 2017, 14:53:49,Bad
07 Mar 2017, 14:53:49,Bad
07 Mar 2017, 14:53:49,Bad
07 Mar 2017, 14:53:49,Bad
07 Mar 2017, 14:53:49,Bad
07 Mar 2017, 14:53:49,Bad
07 Mar 2017, 14:53:49,Bad
07 Mar 2017, 14:53:49,Bad
07 Mar 2017, 14:53:49,Bad
07 Mar 2017, 14:53:49,Bad
07 Mar 2017, 14:53:49,Bad
07 Mar 2017, 14:53:49,Bad
07 Mar 2017, 14:53:49,Bad
07 Mar 2017, 14:53:49,Good
07 Mar 2017, 14:53:49,Good
07 Mar 2017, 14:53:49,Good
07 Mar 2017, 14:53:49,Good
07 Mar 2017, 14:53:49,Good
07 Mar 2017, 14:53:49,Good
07 Mar 2017, 14:53:49,Good
07 Mar 2017, 14:53:49,Good
07 Mar 2017, 14:53:49,Good
07 Mar 2017, 14:53:49,Good
07 Mar 2017, 14:53:49,Good
07 Mar 2017, 14:53:49,Good
07 Mar 2017, 14:53:49,Good
07 Mar 2017, 14:53:49,Good
07 Mar 2017, 14:53:49,Good
07 Mar 2017, 14:53:49,Good
07 Mar 2017, 14:53:49,Good
07 Mar 2017, 14:53:49,Good
07 Mar 2017, 14:53:49,Good
07 Mar 2017, 14:53:50,Good
07 Mar 2017, 14:53:50,Good
07 Mar 2017, 14:53:50,Good
07 Mar 2017, 14:53:50,Good
07 Mar 2017, 14:53:50,Good
07 Mar 2017, 14:53:50,Good
07 Mar 2017, 14:53:50,Good
07 Mar 2017, 14:53:50,Good
07 Mar 2017, 14:53:50,Pending
07 Mar 2017, 14:53:50,Pending
07 Mar 2017, 14:53:50,Bad
07 Mar 2017, 14:53:50,Bad
07 Mar 2017, 14:53:50,Bad
07 Mar 2017, 14:53:50,Bad
07 Mar 2017, 14:53:50,Bad
07 Mar 2017, 14:53:50,Bad
07 Mar 2017, 14:53:50,Bad
07 Mar 2017, 14:53:50,Bad
07 Mar 2017, 14:53:50,Bad
07 Mar 2017, 14:53:50,Bad
07 Mar 2017, 14:53:50,Bad
07 Mar 2017, 14:53:50,Bad
07 Mar 2017, 14:53:50,Bad
07 Mar 2017, 14:53:50,Bad
07 Mar 2017, 14:53:50,Bad
07 Mar 2017, 14:53:50,Bad
07 Mar 2017, 14:53:50,Bad
07 Mar 2017, 14:53:50,Bad
07 Mar 2017, 14:53:50,Bad
07 Mar 2017, 14:53:50,Bad
07 Mar 2017, 14:53:50,Bad
07 Mar 2017, 14:53:50,Bad
07 Mar 2017, 14:53:50,Bad
07 Mar 2017, 14:53:51,Bad
07 Mar 2017, 14:53:51,Bad
07 Mar 2017, 14:53:51,Bad
07 Mar 2017, 14:53:51,Bad
07 Mar 2017, 14:53:51,Bad
07 Mar 2017, 14:53:51,Bad
07 Mar 2017, 14:53:51,Good
07 Mar 2017, 14:53:51,Good
07 Mar 2017, 14:53:51,Good
07 Mar 2017, 14:53:51,Good
07 Mar 2017, 14:53:51,Good
07 Mar 2017, 14:53:51,Good
07 Mar 2017, 14:53:51,Pending
07 Mar 2017, 14:53:51,Pending
07 Mar 2017, 14:53:51,Bad
07 Mar 2017, 14:53:51,Bad
07 Mar 2017, 14:53:51,Bad
07 Mar 2017, 14:53:51,Bad
07 Mar 2017, 14:53:51,Bad
07 Mar 2017, 14:53:51,Bad
07 Mar 2017, 14:53:51,Bad
07 Mar 2017, 14:53:51,Bad
07 Mar 2017, 14:53:51,Bad
07 Mar 2017, 14:53:51,Bad
07 Mar 2017, 14:53:51,Bad
07 Mar 2017, 14:53:51,Bad
07 Mar 2017, 14:53:51,Bad
07 Mar 2017, 14:53:51,Bad
07 Mar 2017, 14:53:51,Bad
07 Mar 2017, 14:53:51,Bad
07 Mar 2017, 14:53:51,Bad
07 Mar 2017, 14:53:52,Bad
07 Mar 2017, 14:53:52,Bad
07 Mar 2017, 14:53:52,Bad
07 Mar 2017, 14:53:52,Bad
07 Mar 2017, 14:53:52,Bad
07 Mar 2017, 14:53:52,Bad
07 Mar 2017, 14:53:52,Bad
07 Mar 2017, 14:53:52,Good
07 Mar 2017, 14:53:52,Good
07 Mar 2017, 14:53:52,Good
07 Mar 2017, 14:53:52,Good
07 Mar 2017, 14:53:52,Good
07 Mar 2017, 14:53:52,Good
07 Mar 2017, 14:53:52,Good
07 Mar 2017, 14:53:52,Good
07 Mar 2017, 14:53:52,Good
07 Mar 2017, 14:53:52,Good
07 Mar 2017, 14:53:52,Good
07 Mar 2017, 14:53:52,Good
07 Mar 2017, 14:53:52,Good
07 Mar 2017, 14:53:52,Pending
07 Mar 2017, 14:53:52,Pending
07 Mar 2017, 14:53:52,Bad
07 Mar 2017, 14:53:52,Bad
07 Mar 2017, 14:53:52,Bad
07 Mar 2017, 14:53:52,Bad
07 Mar 2017, 14:53:52,Bad
07 Mar 2017, 14:53:52,Bad
07 Mar 2017, 14:53:52,Bad
07 Mar 2017, 14:53:52,Bad
07 Mar 2017, 14:53:52,Bad
07 Mar 2017, 14:53:52,Bad
07 Mar 2017, 14:53:52,Bad
07 Mar 2017, 14:53:53,Bad
07 Mar 2017, 14:53:53,Bad
07 Mar 2017, 14:53:53,Bad
07 Mar 2017, 14:53:53,Bad
07 Mar 2017, 14:53:53,Bad
07 Mar 2017, 14:53:53,Bad
07 Mar 2017, 14:53:53,Bad
07 Mar 2017, 14:53:53,Bad
07 Mar 2017, 14:53:53,Bad
07 Mar 2017, 14:53:53,Bad
07 Mar 2017, 14:53:53,Bad
07 Mar 2017, 14:53:53,Bad
07 Mar 2017, 14:53:53,Bad
07 Mar 2017, 14:53:53,Bad
07 Mar 2017, 14:53:53,Bad
07 Mar 2017, 14:53:53,Bad
07 Mar 2017, 14:53:53,Bad
07 Mar 2017, 14:53:53,Bad
07 Mar 2017, 14:53:53,Bad
07 Mar 2017, 14:53:53,Bad
07 Mar 2017, 14:53:53,Bad
07 Mar 2017, 14:53:53,Bad
07 Mar 2017, 14:53:53,Bad
07 Mar 2017, 14:53:53,Bad
07 Mar 2017, 14:53:53,Bad
07 Mar 2017, 14:53:53,Bad
07 Mar 2017, 14:53:53,Bad
07 Mar 2017, 14:53:53,Bad
07 Mar 2017, 14:53:53,Bad
07 Mar 2017, 14:53:53,Bad
07 Mar 2017, 14:53:53,Bad
07 Mar 2017, 14:53:53,Bad
07 Mar 2017, 14:53:53,Bad
07 Mar 2017, 14:53:54,Bad
07 Mar 2017, 14:53:54,Bad
07 Mar 2017, 14:53:54,Bad
07 Mar 2017, 14:53:54,Bad
07 Mar 2017, 14:53:54,Bad
07 Mar 2017, 14:53:54,Good
07 Mar 2017, 14:53:54,Good
07 Mar 2017, 14:53:54,Good
07 Mar 2017, 14:53:54,Good
07 Mar 2017, 14:53:54,Good
07 Mar 2017, 14:53:54,Good
07 Mar 2017, 14:53:54,Good
07 Mar 2017, 14:53:54,Good
07 Mar 2017, 14:53:54,Good
07 Mar 2017, 14:53:54,Good
07 Mar 2017, 14:53:54,Good
07 Mar 2017, 14:53:54,Good
07 Mar 2017, 14:53:54,Good
07 Mar 2017, 14:53:54,Pending
07 Mar 2017, 14:53:54,Pending
07 Mar 2017, 14:53:54,Bad
07 Mar 2017, 14:53:54,Bad
07 Mar 2017, 14:53:54,Bad
07 Mar 2017, 14:53:54,Bad
07 Mar 2017, 14:53:54,Bad
07 Mar 2017, 14:53:54,Bad
07 Mar 2017, 14:53:54,Bad
07 Mar 2017, 14:53:54,Bad
07 Mar 2017, 14:53:54,Bad
07 Mar 2017, 14:53:54,Bad
07 Mar 2017, 14:53:54,Bad
07 Mar 2017, 14:53:55,Bad
07 Mar 2017, 14:53:55,Bad
07 Mar 2017, 14:53:55,Bad
07 Mar 2017, 14:53:55,Bad
07 Mar 2017, 14:53:55,Bad
07 Mar 2017, 14:53:55,Good
07 Mar 2017, 14:53:55,Good
07 Mar 2017, 14:53:55,Good
07 Mar 2017, 14:53:55,Good
07 Mar 2017, 14:53:55,Good
07 Mar 2017, 14:53:55,Good
07 Mar 2017, 14:53:55,Pending
07 Mar 2017, 14:53:55,Pending
07 Mar 2017, 14:53:55,Bad
07 Mar 2017, 14:53:55,Bad
07 Mar 2017, 14:53:55,Bad
07 Mar 2017, 14:53:55,Bad
07 Mar 2017, 14:53:55,Bad
07 Mar 2017, 14:53:55,Bad
07 Mar 2017, 14:53:55,Bad
07 Mar 2017, 14:53:55,Bad
07 Mar 2017, 14:53:55,Bad
07 Mar 2017, 14:53:55,Bad
07 Mar 2017, 14:53:55,Bad
07 Mar 2017, 14:53:55,Good
07 Mar 2017, 14:53:55,Good
07 Mar 2017, 14:53:55,Good
07 Mar 2017, 14:53:55,Good
07 Mar 2017, 14:53:55,Good
07 Mar 2017, 14:53:55,Good
07 Mar 2017, 14:53:55,Pending
07 Mar 2017, 14:53:56,Pending
07 Mar 2017, 14:53:56,Bad
07 Mar 2017, 14:53:56,Bad
07 Mar 2017, 14:53:56,Bad
07 Mar 2017, 14:53:56,Bad
07 Mar 2017, 14:53:56,Bad
07 Mar 2017, 14:53:56,Bad
07 Mar 2017, 14:53:56,Bad
07 Mar 2017, 14:53:56,Bad
07 Mar 2017, 14:53:56,Bad
07 Mar 2017, 14:53:56,Bad
07 Mar 2017, 14:53:56,Bad
07 Mar 2017, 14:53:56,Bad
07 Mar 2017, 14:53:56,Bad
07 Mar 2017, 14:53:56,Bad
07 Mar 2017, 14:53:56,Bad
07 Mar 2017, 14:53:56,Bad
07 Mar 2017, 14:53:56,Bad
07 Mar 2017, 14:53:56,Bad
07 Mar 2017, 14:53:56,Bad
07 Mar 2017, 14:53:56,Bad
07 Mar 2017, 14:53:56,Bad
07 Mar 2017, 14:53:56,Bad
07 Mar 2017, 14:53:56,Bad
07 Mar 2017, 14:53:56,Good
07 Mar 2017, 14:53:56,Good
07 Mar 2017, 14:53:56,Good
07 Mar 2017, 14:53:56,Good
07 Mar 2017, 14:53:56,Good
07 Mar 2017, 14:53:56,Good
07 Mar 2017, 14:53:56,Good
07 Mar 2017, 14:53:57,Good
07 Mar 2017, 14:53:57,Good
07 Mar 2017, 14:53:57,Good
07 Mar 2017, 14:53:57,Good
07 Mar 2017, 14:53:57,Good
07 Mar 2017, 14:53:57,Pending
07 Mar 2017, 14:53:57,Pending
07 Mar 2017, 14:53:57,Bad
07 Mar 2017, 14:53:57,Bad
07 Mar 2017, 14:53:57,Bad
07 Mar 2017, 14:53:57,Bad
07 Mar 2017, 14:53:57,Bad
07 Mar 2017, 14:53:57,Bad
07 Mar 2017, 14:53:57,Bad
07 Mar 2017, 14:53:57,Bad
07 Mar 2017, 14:53:57,Bad
07 Mar 2017, 14:53:57,Bad
07 Mar 2017, 14:53:57,Bad
07 Mar 2017, 14:53:57,Bad
07 Mar 2017, 14:53:57,Bad
07 Mar 2017, 14:53:57,Bad
07 Mar 2017, 14:53:57,Bad
07 Mar 2017, 14:53:57,Bad
07 Mar 2017, 14:53:57,Bad
07 Mar 2017, 14:53:57,Bad
07 Mar 2017, 14:53:57,Bad
07 Mar 2017, 14:53:57,Bad
07 Mar 2017, 14:53:57,Bad
07 Mar 2017, 14:53:57,Bad
07 Mar 2017, 14:53:57,Bad
07 Mar 2017, 14:53:57,Bad
07 Mar 2017, 14:53:58,Bad
07 Mar 2017, 14:53:58,Bad
07 Mar 2017, 14:53:58,Bad
07 Mar 2017, 14:53:58,Bad
07 Mar 2017, 14:53:58,Bad
07 Mar 2017, 14:53:58,Bad
07 Mar 2017, 14:53:58,Bad
07 Mar 2017, 14:53:58,Bad
07 Mar 2017, 14:53:58,Bad
07 Mar 2017, 14:53:58,Bad
07 Mar 2017, 14:53:58,Bad
07 Mar 2017, 14:53:58,Bad
07 Mar 2017, 14:53:58,Bad
07 Mar 2017, 14:53:58,Bad
07 Mar 2017, 14:53:58,Bad
07 Mar 2017, 14:53:58,Bad
07 Mar 2017, 14:53:58,Bad
07 Mar 2017, 14:53:58,Bad
07 Mar 2017, 14:53:58,Bad
07 Mar 2017, 14:53:58,Bad
07 Mar 2017, 14:53:58,Bad
07 Mar 2017, 14:53:58,Bad
07 Mar 2017, 14:53:58,Bad
07 Mar 2017, 14:53:58,Bad
07 Mar 2017, 14:53:58,Good
07 Mar 2017, 14:53:58,Good
07 Mar 2017, 14:53:58,Good
07 Mar 2017, 14:53:58,Good
07 Mar 2017, 14:53:58,Good
07 Mar 2017, 14:53:58,Good
07 Mar 2017, 14:53:58,Good
07 Mar 2017, 14:53:59,Good
07 Mar 2017, 14:53:59,Good
07 Mar 2017, 14:53:59,Good
07 Mar 2017, 14:53:59,Good
07 Mar 2017, 14:53:59,Good
07 Mar 2017, 14:53:59,Pending
07 Mar 2017, 14:53:59,Pending
07 Mar 2017, 14:53:59,Bad
07 Mar 2017, 14:53:59,Bad
07 Mar 2017, 14:53:59,Bad
07 Mar 2017, 14:53:59,Bad
07 Mar 2017, 14:53:59,Bad
07 Mar 2017, 14:53:59,Bad
07 Mar 2017, 14:53:59,Bad
07 Mar 2017, 14:53:59,Bad
07 Mar 2017, 14:53:59,Bad
07 Mar 2017, 14:53:59,Bad
07 Mar 2017, 14:53:59,Bad
07 Mar 2017, 14:53:59,Bad
07 Mar 2017, 14:53:59,Bad
07 Mar 2017, 14:53:59,Bad
07 Mar 2017, 14:53:59,Bad
07 Mar 2017, 14:53:59,Bad
07 Mar 2017, 14:53:59,Good
07 Mar 2017, 14:53:59,Good
07 Mar 2017, 14:53:59,Good
07 Mar 2017, 14:53:59,Good
07 Mar 2017, 14:53:59,Good
07 Mar 2017, 14:53:59,Good
07 Mar 2017, 14:53:59,Pending
07 Mar 2017, 14:54:00,Pending
07 Mar 2017, 14:54:00,Bad
07 Mar 2017, 14:54:00,Bad
07 Mar 2017, 14:54:00,Bad
07 Mar 2017, 14:54:00,Bad
07 Mar 2017, 14:54:00,Bad
07 Mar 2017, 14:54:00,Bad
07 Mar 2017, 14:54:00,Bad
07 Mar 2017, 14:54:00,Bad
07 Mar 2017, 14:54:00,Bad
07 Mar 2017, 14:54:00,Bad
07 Mar 2017, 14:54:00,Bad
07 Mar 2017, 14:54:00,Bad
07 Mar 2017, 14:54:00,Bad
07 Mar 2017, 14:54:00,Bad
07 Mar 2017, 14:54:00,Bad
07 Mar 2017, 14:54:00,Bad
07 Mar 2017, 14:54:00,Bad
07 Mar 2017, 14:54:00,Bad
07 Mar 2017, 14:54:00,Bad
07 Mar 2017, 14:54:00,Bad
07 Mar 2017, 14:54:00,Bad
07 Mar 2017, 14:54:00,Bad
07 Mar 2017, 14:54:00,Bad
07 Mar 2017, 14:54:00,Bad
07 Mar 2017, 14:54:00,Bad
07 Mar 2017, 14:54:00,Bad
07 Mar 2017, 14:54:00,Bad
07 Mar 2017, 14:54:00,Bad
07 Mar 2017, 14:54:00,Bad
07 Mar 2017, 14:54:01,Bad
07 Mar 2017, 14:54:01,Bad
07 Mar 2017, 14:54:01,Bad
07 Mar 2017, 14:54:01,Bad
07 Mar 2017, 14:54:01,Bad
07 Mar 2017, 14:54:01,Good
07 Mar 2017, 14:54:01,Good
07 Mar 2017, 14:54:01,Good
07 Mar 2017, 14:54:01,Good
07 Mar 2017, 14:54:01,Good
07 Mar 2017, 14:54:01,Good
07 Mar 2017, 14:54:01,Good
07 Mar 2017, 14:54:01,Good
07 Mar 2017, 14:54:01,Good
07 Mar 2017, 14:54:01,Good
07 Mar 2017, 14:54:01,Good
07 Mar 2017, 14:54:01,Good
07 Mar 2017, 14:54:01,Pending
07 Mar 2017, 14:54:01,Pending
07 Mar 2017, 14:54:01,Bad
07 Mar 2017, 14:54:01,Bad
07 Mar 2017, 14:54:01,Bad
07 Mar 2017, 14:54:01,Bad
07 Mar 2017, 14:54:01,Good
07 Mar 2017, 14:54:01,Good
07 Mar 2017, 14:54:01,Good
07 Mar 2017, 14:54:01,Good
07 Mar 2017, 14:54:01,Good
07 Mar 2017, 14:54:01,Good
07 Mar 2017, 14:54:01,Good
07 Mar 2017, 14:54:01,Good
07 Mar 2017, 14:54:02,Good
07 Mar 2017, 14:54:02,Good
07 Mar 2017, 14:54:02,Good
07 Mar 2017, 14:54:02,Good
07 Mar 2017, 14:54:02,Good
07 Mar 2017, 14:54:02,Good
07 Mar 2017, 14:54:02,Good
07 Mar 2017, 14:54:02,Good
07 Mar 2017, 14:54:02,Good
07 Mar 2017, 14:54:02,Good
07 Mar 2017, 14:54:02,Good
07 Mar 2017, 14:54:02,Good
07 Mar 2017, 14:54:02,Good
07 Mar 2017, 14:54:02,Good
07 Mar 2017, 14:54:02,Good
07 Mar 2017, 14:54:02,Good
07 Mar 2017, 14:54:02,Good
07 Mar 2017, 14:54:02,Good
07 Mar 2017, 14:54:02,Good
07 Mar 2017, 14:54:02,Good
07 Mar 2017, 14:54:02,Good
07 Mar 2017, 14:54:02,Good
07 Mar 2017, 14:54:02,Good
07 Mar 2017, 14:54:02,Good
07 Mar 2017, 14:54:02,Good
07 Mar 2017, 14:54:02,Good
07 Mar 2017, 14:54:02,Good
07 Mar 2017, 14:54:02,Good
07 Mar 2017, 14:54:02,Good
07 Mar 2017, 14:54:02,Good
07 Mar 2017, 14:54:02,Good
07 Mar 2017, 14:54:03,Good
07 Mar 2017, 14:54:03,Good
07 Mar 2017, 14:54:03,Good
07 Mar 2017, 14:54:03,Good
07 Mar 2017, 14:54:03,Pending
07 Mar 2017, 14:54:03,Pending
07 Mar 2017, 14:54:03,Bad
07 Mar 2017, 14:54:03,Bad
07 Mar 2017, 14:54:03,Bad
07 Mar 2017, 14:54:03,Bad
07 Mar 2017, 14:54:03,Good
07 Mar 2017, 14:54:03,Good
07 Mar 2017, 14:54:03,Good
07 Mar 2017, 14:54:03,Good
07 Mar 2017, 14:54:03,Good
07 Mar 2017, 14:54:03,Good
07 Mar 2017, 14:54:03,Good
07 Mar 2017, 14:54:03,Good
07 Mar 2017, 14:54:03,Good
07 Mar 2017, 14:54:03,Good
07 Mar 2017, 14:54:03,Good
07 Mar 2017, 14:54:03,Good
07 Mar 2017, 14:54:03,Good
07 Mar 2017, 14:54:03,Good
07 Mar 2017, 14:54:03,Good
07 Mar 2017, 14:54:03,Good
07 Mar 2017, 14:54:03,Good
07 Mar 2017, 14:54:03,Good
07 Mar 2017, 14:54:03,Pending
07 Mar 2017, 14:54:03,Pending
07 Mar 2017, 14:54:04,Bad
07 Mar 2017, 14:54:04,Bad
07 Mar 2017, 14:54:04,Bad
07 Mar 2017, 14:54:04,Bad
07 Mar 2017, 14:54:04,Good
07 Mar 2017, 14:54:04,Good
07 Mar 2017, 14:54:04,Good
07 Mar 2017, 14:54:04,Good
07 Mar 2017, 14:54:04,Good
07 Mar 2017, 14:54:04,Good
07 Mar 2017, 14:54:04,Good
07 Mar 2017, 14:54:04,Good
07 Mar 2017, 14:54:04,Good
07 Mar 2017, 14:54:04,Good
07 Mar 2017, 14:54:04,Good
07 Mar 2017, 14:54:04,Pending
07 Mar 2017, 14:54:04,Pending
07 Mar 2017, 14:54:04,Bad
07 Mar 2017, 14:54:04,Bad
07 Mar 2017, 14:54:04,Bad
07 Mar 2017, 14:54:04,Bad
07 Mar 2017, 14:54:04,Good
07 Mar 2017, 14:54:04,Good
07 Mar 2017, 14:54:04,Good
07 Mar 2017, 14:54:04,Good
07 Mar 2017, 14:54:04,Good
07 Mar 2017, 14:54:04,Pending
07 Mar 2017, 14:54:04,Pending
07 Mar 2017, 14:54:05,Bad
07 Mar 2017, 14:54:05,Bad
07 Mar 2017, 14:54:05,Bad
07 Mar 2017, 14:54:05,Bad
07 Mar 2017, 14:54:05,Bad
07 Mar 2017, 14:54:05,Bad
07 Mar 2017, 14:54:05,Bad
07 Mar 2017, 14:54:05,Bad
07 Mar 2017, 14:54:05,Bad
07 Mar 2017, 14:54:05,Bad
07 Mar 2017, 14:54:05,Good
07 Mar 2017, 14:54:05,Good
07 Mar 2017, 14:54:05,Good
07 Mar 2017, 14:54:05,Good
07 Mar 2017, 14:54:05,Good
07 Mar 2017, 14:54:05,Good
07 Mar 2017, 14:54:05,Good
07 Mar 2017, 14:54:05,Good
07 Mar 2017, 14:54:05,Good
07 Mar 2017, 14:54:05,Good
07 Mar 2017, 14:54:05,Good
07 Mar 2017, 14:54:05,Good
07 Mar 2017, 14:54:05,Good
07 Mar 2017, 14:54:05,Good
07 Mar 2017, 14:54:05,Good
07 Mar 2017, 14:54:05,Good
07 Mar 2017, 14:54:05,Good
07 Mar 2017, 14:54:05,Good
07 Mar 2017, 14:54:05,Good
07 Mar 2017, 14:54:06,Good
07 Mar 2017, 14:54:06,Good
07 Mar 2017, 14:54:06,Good
07 Mar 2017, 14:54:06,Good
07 Mar 2017, 14:54:06,Good
07 Mar 2017, 14:54:06,Good
07 Mar 2017, 14:54:06,Good
07 Mar 2017, 14:54:06,Good
07 Mar 2017, 14:54:06,Good
07 Mar 2017, 14:54:06,Good
07 Mar 2017, 14:54:06,Good
07 Mar 2017, 14:54:06,Good
07 Mar 2017, 14:54:06,Good
07 Mar 2017, 14:54:06,Good
07 Mar 2017, 14:54:06,Good
07 Mar 2017, 14:54:06,Good
07 Mar 2017, 14:54:06,Good
07 Mar 2017, 14:54:06,Good
07 Mar 2017, 14:54:06,Good
07 Mar 2017, 14:54:06,Good
07 Mar 2017, 14:54:06,Good
07 Mar 2017, 14:54:06,Good
07 Mar 2017, 14:54:06,Good
07 Mar 2017, 14:54:06,Good
07 Mar 2017, 14:54:06,Good
07 Mar 2017, 14:54:06,Good
07 Mar 2017, 14:54:06,Good
07 Mar 2017, 14:54:07,Good
07 Mar 2017, 14:54:07,Good
07 Mar 2017, 14:54:07,Good
07 Mar 2017, 14:54:07,Good
07 Mar 2017, 14:54:07,Good
07 Mar 2017, 14:54:07,Good
07 Mar 2017, 14:54:07,Good
07 Mar 2017, 14:54:07,Good
07 Mar 2017, 14:54:07,Good
07 Mar 2017, 14:54:07,Good
07 Mar 2017, 14:54:07,Good
07 Mar 2017, 14:54:07,Good
07 Mar 2017, 14:54:07,Good
07 Mar 2017, 14:54:07,Good
07 Mar 2017, 14:54:07,Good
07 Mar 2017, 14:54:07,Good
07 Mar 2017, 14:54:07,Good
07 Mar 2017, 14:54:07,Good
07 Mar 2017, 14:54:07,Good
07 Mar 2017, 14:54:07,Good
07 Mar 2017, 14:54:07,Good
07 Mar 2017, 14:54:07,Good
07 Mar 2017, 14:54:07,Good
07 Mar 2017, 14:54:07,Good
07 Mar 2017, 14:54:07,Good
07 Mar 2017, 14:54:07,Good
07 Mar 2017, 14:54:07,Good
07 Mar 2017, 14:54:08,Good
07 Mar 2017, 14:54:08,Good
07 Mar 2017, 14:54:08,Good
07 Mar 2017, 14:54:08,Good
07 Mar 2017, 14:54:08,Good
07 Mar 2017, 14:54:08,Good
07 Mar 2017, 14:54:08,Good
07 Mar 2017, 14:54:08,Good
07 Mar 2017, 14:54:08,Good
07 Mar 2017, 14:54:08,Good
07 Mar 2017, 14:54:08,Good
07 Mar 2017, 14:54:08,Good
07 Mar 2017, 14:54:08,Good
07 Mar 2017, 14:54:08,Good
07 Mar 2017, 14:54:08,Good
07 Mar 2017, 14:54:08,Good
07 Mar 2017, 14:54:08,Good
07 Mar 2017, 14:54:08,Good
07 Mar 2017, 14:54:08,Good
07 Mar 2017, 14:54:08,Good
07 Mar 2017, 14:54:08,Good
07 Mar 2017, 14:54:08,Good
07 Mar 2017, 14:54:08,Good
07 Mar 2017, 14:54:08,Good
07 Mar 2017, 14:54:08,Good
07 Mar 2017, 14:54:08,Good
07 Mar 2017, 14:54:08,Good
07 Mar 2017, 14:54:09,Good
07 Mar 2017, 14:54:09,Good
07 Mar 2017, 14:54:09,Good
07 Mar 2017, 14:54:09,Good
07 Mar 2017, 14:54:09,Good
07 Mar 2017, 14:54:09,Good
07 Mar 2017, 14:54:09,Good
07 Mar 2017, 14:54:09,Good
07 Mar 2017, 14:54:09,Good
07 Mar 2017, 14:54:09,Good
07 Mar 2017, 14:54:09,Good
07 Mar 2017, 14:54:09,Good
07 Mar 2017, 14:54:09,Good
07 Mar 2017, 14:54:09,Good
07 Mar 2017, 14:54:09,Good
07 Mar 2017, 14:54:09,Good
07 Mar 2017, 14:54:09,Good
07 Mar 2017, 14:54:09,Good
07 Mar 2017, 14:54:09,Good
07 Mar 2017, 14:54:09,Good
07 Mar 2017, 14:54:09,Good
07 Mar 2017, 14:54:09,Good
07 Mar 2017, 14:54:09,Good
07 Mar 2017, 14:54:09,Good
07 Mar 2017, 14:54:09,Good
07 Mar 2017, 14:54:09,Good
07 Mar 2017, 14:54:09,Good
07 Mar 2017, 14:54:10,Good
07 Mar 2017, 14:54:10,Good
07 Mar 2017, 14:54:10,Good
07 Mar 2017, 14:54:10,Good
07 Mar 2017, 14:54:10,Good
07 Mar 2017, 14:54:10,Good
07 Mar 2017, 14:54:10,Good
07 Mar 2017, 14:54:10,Good
07 Mar 2017, 14:54:10,Good
07 Mar 2017, 14:54:10,Good
07 Mar 2017, 14:54:10,Good
07 Mar 2017, 14:54:10,Good
07 Mar 2017, 14:54:10,Good
07 Mar 2017, 14:54:10,Good
07 Mar 2017, 14:54:10,Good
07 Mar 2017, 14:54:10,Good
07 Mar 2017, 14:54:10,Good
07 Mar 2017, 14:54:10,Good
07 Mar 2017, 14:54:10,Good
07 Mar 2017, 14:54:10,Good
07 Mar 2017, 14:54:10,Good
07 Mar 2017, 14:54:10,Good
07 Mar 2017, 14:54:10,Good
07 Mar 2017, 14:54:10,Good
07 Mar 2017, 14:54:11,Good
07 Mar 2017, 14:54:11,Good
07 Mar 2017, 14:54:11,Good
07 Mar 2017, 14:54:11,Good
07 Mar 2017, 14:54:11,Good
07 Mar 2017, 14:54:11,Good
07 Mar 2017, 14:54:11,Good
07 Mar 2017, 14:54:11,Good
07 Mar 2017, 14:54:11,Good
07 Mar 2017, 14:54:11,Good
07 Mar 2017, 14:54:11,Good
07 Mar 2017, 14:54:11,Good
07 Mar 2017, 14:54:11,Good
07 Mar 2017, 14:54:11,Good
07 Mar 2017, 14:54:11,Good
07 Mar 2017, 14:54:11,Good
07 Mar 2017, 14:54:11,Good
07 Mar 2017, 14:54:11,Good
07 Mar 2017, 14:54:11,Good
07 Mar 2017, 14:54:11,Good
07 Mar 2017, 14:54:11,Good
07 Mar 2017, 14:54:11,Good
07 Mar 2017, 14:54:11,Good
07 Mar 2017, 14:54:11,Good
07 Mar 2017, 14:54:11,Good
07 Mar 2017, 14:54:11,Good
07 Mar 2017, 14:54:12,Good
07 Mar 2017, 14:54:12,Good
07 Mar 2017, 14:54:12,Good
07 Mar 2017, 14:54:12,Good
07 Mar 2017, 14:54:12,Good
07 Mar 2017, 14:54:12,Good
07 Mar 2017, 14:54:12,Good
07 Mar 2017, 14:54:12,Good
07 Mar 2017, 14:54:12,Good
07 Mar 2017, 14:54:12,Good
07 Mar 2017, 14:54:12,Good
07 Mar 2017, 14:54:12,Good
07 Mar 2017, 14:54:12,Good
07 Mar 2017, 14:54:12,Good
07 Mar 2017, 14:54:12,Good
07 Mar 2017, 14:54:12,Good
07 Mar 2017, 14:54:12,Good
07 Mar 2017, 14:54:12,Good
07 Mar 2017, 14:54:12,Good
07 Mar 2017, 14:54:12,Good
07 Mar 2017, 14:54:12,Good
07 Mar 2017, 14:54:12,Good
07 Mar 2017, 14:54:12,Good
07 Mar 2017, 14:54:12,Good
07 Mar 2017, 14:54:12,Good
07 Mar 2017, 14:54:12,Good
07 Mar 2017, 14:54:12,Good
07 Mar 2017, 14:54:13,Good
07 Mar 2017, 14:54:13,Good
07 Mar 2017, 14:54:13,Good
07 Mar 2017, 14:54:13,Good
07 Mar 2017, 14:54:13,Good
07 Mar 2017, 14:54:13,Good
07 Mar 2017, 14:54:13,Good
07 Mar 2017, 14:54:13,Good
07 Mar 2017, 14:54:13,Good
07 Mar 2017, 14:54:13,Good
07 Mar 2017, 14:54:13,Good
07 Mar 2017, 14:54:13,Good
07 Mar 2017, 14:54:13,Good
07 Mar 2017, 14:54:13,Good
07 Mar 2017, 14:54:13,Good
07 Mar 2017, 14:54:13,Good
07 Mar 2017, 14:54:13,Good
07 Mar 2017, 14:54:13,Good
07 Mar 2017, 14:54:13,Good
07 Mar 2017, 14:54:13,Good
07 Mar 2017, 14:54:13,Good
07 Mar 2017, 14:54:13,Good
07 Mar 2017, 14:54:13,Good
07 Mar 2017, 14:54:13,Good
07 Mar 2017, 14:54:13,Good
07 Mar 2017, 14:54:13,Good
07 Mar 2017, 14:54:13,Good
07 Mar 2017, 14:54:14,Good
07 Mar 2017, 14:54:14,Good
07 Mar 2017, 14:54:14,Good
07 Mar 2017, 14:54:14,Good
07 Mar 2017, 14:54:14,Good
07 Mar 2017, 14:54:14,Good
07 Mar 2017, 14:54:14,Good
07 Mar 2017, 14:54:14,Good
07 Mar 2017, 14:54:14,Good
07 Mar 2017, 14:54:14,Good
07 Mar 2017, 14:54:14,Good
07 Mar 2017, 14:54:14,Good
07 Mar 2017, 14:54:14,Good
07 Mar 2017, 14:54:14,Good
07 Mar 2017, 14:54:14,Good
07 Mar 2017, 14:54:14,Good
07 Mar 2017, 14:54:14,Good
07 Mar 2017, 14:54:14,Good
07 Mar 2017, 14:54:14,Good
07 Mar 2017, 14:54:14,Good
07 Mar 2017, 14:54:14,Good
07 Mar 2017, 14:54:14,Good
07 Mar 2017, 14:54:14,Good
07 Mar 2017, 14:54:14,Good
07 Mar 2017, 14:54:14,Good
07 Mar 2017, 14:54:14,Good
07 Mar 2017, 14:54:15,Good
07 Mar 2017, 14:54:15,Good
07 Mar 2017, 14:54:15,Good
07 Mar 2017, 14:54:15,Good
07 Mar 2017, 14:54:15,Good
07 Mar 2017, 14:54:15,Good
07 Mar 2017, 14:54:15,Good
07 Mar 2017, 14:54:15,Good
07 Mar 2017, 14:54:15,Good
07 Mar 2017, 14:54:15,Good
07 Mar 2017, 14:54:15,Good
07 Mar 2017, 14:54:15,Good
07 Mar 2017, 14:54:15,Good
07 Mar 2017, 14:54:15,Good
07 Mar 2017, 14:54:15,Good
07 Mar 2017, 14:54:15,Good
07 Mar 2017, 14:54:15,Good
07 Mar 2017, 14:54:15,Good
07 Mar 2017, 14:54:15,Good
07 Mar 2017, 14:54:15,Good
07 Mar 2017, 14:54:15,Good
07 Mar 2017, 14:54:15,Good
07 Mar 2017, 14:54:15,Good
07 Mar 2017, 14:54:15,Good
07 Mar 2017, 14:54:16,Good
07 Mar 2017, 14:54:16,Good
07 Mar 2017, 14:54:16,Good
07 Mar 2017, 14:54:16,Good
07 Mar 2017, 14:54:16,Good
07 Mar 2017, 14:54:16,Good
07 Mar 2017, 14:54:16,Good
07 Mar 2017, 14:54:16,Good
07 Mar 2017, 14:54:16,Good
07 Mar 2017, 14:54:16,Good
07 Mar 2017, 14:54:16,Good
07 Mar 2017, 14:54:16,Good
07 Mar 2017, 14:54:16,Good
07 Mar 2017, 14:54:16,Good
07 Mar 2017, 14:54:16,Good
07 Mar 2017, 14:54:16,Good
07 Mar 2017, 14:54:16,Good
07 Mar 2017, 14:54:16,Good
07 Mar 2017, 14:54:16,Good
07 Mar 2017, 14:54:16,Good
07 Mar 2017, 14:54:16,Good
07 Mar 2017, 14:54:16,Good
07 Mar 2017, 14:54:16,Good
07 Mar 2017, 14:54:16,Good
07 Mar 2017, 14:54:16,Good
07 Mar 2017, 14:54:17,Good
07 Mar 2017, 14:54:17,Good
07 Mar 2017, 14:54:17,Good
07 Mar 2017, 14:54:17,Good
07 Mar 2017, 14:54:17,Good
07 Mar 2017, 14:54:17,Good
07 Mar 2017, 14:54:17,Good
07 Mar 2017, 14:54:17,Good
07 Mar 2017, 14:54:17,Good
07 Mar 2017, 14:54:17,Good
07 Mar 2017, 14:54:17,Good
07 Mar 2017, 14:54:17,Good
07 Mar 2017, 14:54:17,Good
07 Mar 2017, 14:54:17,Good
07 Mar 2017, 14:54:17,Good
07 Mar 2017, 14:54:17,Good
07 Mar 2017, 14:54:17,Good
07 Mar 2017, 14:54:17,Good
07 Mar 2017, 14:54:17,Good
07 Mar 2017, 14:54:17,Good
07 Mar 2017, 14:54:17,Good
07 Mar 2017, 14:54:17,Good
07 Mar 2017, 14:54:17,Good
07 Mar 2017, 14:54:18,Good
07 Mar 2017, 14:54:18,Good
07 Mar 2017, 14:54:18,Good
07 Mar 2017, 14:54:18,Good
07 Mar 2017, 14:54:18,Good
07 Mar 2017, 14:54:18,Good
07 Mar 2017, 14:54:18,Good
07 Mar 2017, 14:54:18,Pending
07 Mar 2017, 14:54:18,Pending
07 Mar 2017, 14:54:18,Bad
07 Mar 2017, 14:54:18,Bad
07 Mar 2017, 14:54:18,Bad
07 Mar 2017, 14:54:18,Bad
07 Mar 2017, 14:54:18,Bad
07 Mar 2017, 14:54:18,Bad
07 Mar 2017, 14:54:18,Bad
07 Mar 2017, 14:54:18,Bad
07 Mar 2017, 14:54:18,Bad
07 Mar 2017, 14:54:18,Bad
07 Mar 2017, 14:54:18,Bad
07 Mar 2017, 14:54:18,Bad
07 Mar 2017, 14:54:18,Bad
07 Mar 2017, 14:54:18,Bad
07 Mar 2017, 14:54:18,Bad
07 Mar 2017, 14:54:18,Bad
07 Mar 2017, 14:54:18,Bad
07 Mar 2017, 14:54:19,Bad
07 Mar 2017, 14:54:19,Bad
07 Mar 2017, 14:54:19,Bad
07 Mar 2017, 14:54:19,Bad
07 Mar 2017, 14:54:19,Bad
07 Mar 2017, 14:54:19,Bad
07 Mar 2017, 14:54:19,Bad
07 Mar 2017, 14:54:19,Bad
07 Mar 2017, 14:54:19,Bad
07 Mar 2017, 14:54:19,Bad
07 Mar 2017, 14:54:19,Bad
07 Mar 2017, 14:54:19,Good
07 Mar 2017, 14:54:19,Good
07 Mar 2017, 14:54:19,Good
07 Mar 2017, 14:54:19,Good
07 Mar 2017, 14:54:19,Good
07 Mar 2017, 14:54:19,Pending
07 Mar 2017, 14:54:19,Pending
07 Mar 2017, 14:54:19,Bad
07 Mar 2017, 14:54:19,Bad
07 Mar 2017, 14:54:19,Bad
07 Mar 2017, 14:54:19,Bad
07 Mar 2017, 14:54:19,Bad
07 Mar 2017, 14:54:19,Bad
07 Mar 2017, 14:54:19,Bad
